date,weekday,day,month,year,bib6,bio6,bib8,bio8
10775,Monday,1,7,1929,141,141,169,169
10776,Tuesday,2,7,1929,141,141,169,169
10777,Wednesday,3,7,1929,141,141,169,169
10778,Thursday,4,7,1929,141,141,169,169
10779,Friday,5,7,1929,141,141,169,169
10780,Saturday,6,7,1929,141,141,169,169
10781,Sunday,7,7,1929,141,141,169,169
10782,Monday,8,7,1929,141,141,169,169
10783,Tuesday,9,7,1929,141,141,169,169
10784,Wednesday,10,7,1929,141,141,169,169
10785,Thursday,11,7,1929,141,141,169,169
10786,Friday,12,7,1929,141,141,169,169
10787,Saturday,13,7,1929,141,141,169,169
10788,Sunday,14,7,1929,141,141,169,169
10789,Monday,15,7,1929,141,141,169,169
10790,Tuesday,16,7,1929,141,141,169,169
10791,Wednesday,17,7,1929,141,141,169,169
10792,Thursday,18,7,1929,141,141,169,169
10793,Friday,19,7,1929,141,141,169,169
10794,Saturday,20,7,1929,141,141,169,169
10795,Sunday,21,7,1929,141,141,169,169
10796,Monday,22,7,1929,141,141,169,169
10797,Tuesday,23,7,1929,141,141,169,169
10798,Wednesday,24,7,1929,141,141,169,169
10799,Thursday,25,7,1929,141,141,169,169
10800,Friday,26,7,1929,141,141,169,169
10801,Saturday,27,7,1929,141,141,169,169
10802,Sunday,28,7,1929,141,141,169,169
10803,Monday,29,7,1929,141,141,169,169
10804,Tuesday,30,7,1929,141,141,169,169
10805,Wednesday,31,7,1929,141,141,169,169
10806,Thursday,1,8,1929,141,141,169,169
10807,Friday,2,8,1929,141,141,169,169
10808,Saturday,3,8,1929,141,141,169,169
10809,Sunday,4,8,1929,141,141,169,169
10810,Monday,5,8,1929,141,141,169,169
10811,Tuesday,6,8,1929,141,141,169,169
10812,Wednesday,7,8,1929,141,141,169,169
10813,Thursday,8,8,1929,141,141,169,169
10814,Friday,9,8,1929,141,141,169,169
10815,Saturday,10,8,1929,141,141,169,169
10816,Sunday,11,8,1929,141,141,169,169
10817,Monday,12,8,1929,141,141,169,169
10818,Tuesday,13,8,1929,141,141,169,169
10819,Wednesday,14,8,1929,141,141,169,169
10820,Thursday,15,8,1929,141,141,169,169
10821,Friday,16,8,1929,141,141,169,169
10822,Saturday,17,8,1929,141,141,169,169
10823,Sunday,18,8,1929,141,141,169,169
10824,Monday,19,8,1929,141,141,169,169
10825,Tuesday,20,8,1929,141,141,169,169
10826,Wednesday,21,8,1929,141,141,169,169
10827,Thursday,22,8,1929,141,141,169,169
10828,Friday,23,8,1929,141,141,169,169
10829,Saturday,24,8,1929,141,141,169,169
10830,Sunday,25,8,1929,141,141,169,169
10831,Monday,26,8,1929,141,141,169,169
10832,Tuesday,27,8,1929,141,141,169,169
10833,Wednesday,28,8,1929,141,141,169,169
10834,Thursday,29,8,1929,141,141,169,169
10835,Friday,30,8,1929,141,141,169,169
10836,Saturday,31,8,1929,141,141,169,169
10837,Sunday,1,9,1929,141,141,169,169
10838,Monday,2,9,1929,141,141,169,169
10839,Tuesday,3,9,1929,141,141,169,169
10840,Wednesday,4,9,1929,141,141,169,169
10841,Thursday,5,9,1929,141,141,169,169
10842,Friday,6,9,1929,141,141,169,169
10843,Saturday,7,9,1929,141,141,169,169
10844,Sunday,8,9,1929,141,141,169,169
10845,Monday,9,9,1929,141,141,169,169
10846,Tuesday,10,9,1929,141,141,169,169
10847,Wednesday,11,9,1929,141,141,169,169
10848,Thursday,12,9,1929,141,141,169,169
10849,Friday,13,9,1929,141,141,169,169
10850,Saturday,14,9,1929,141,141,169,169
10851,Sunday,15,9,1929,141,141,169,169
10852,Monday,16,9,1929,141,141,169,169
10853,Tuesday,17,9,1929,141,141,169,169
10854,Wednesday,18,9,1929,141,141,169,169
10855,Thursday,19,9,1929,141,141,170,170
10856,Friday,20,9,1929,141,141,170,170
10857,Saturday,21,9,1929,141,141,170,170
10858,Sunday,22,9,1929,141,141,170,170
10859,Monday,23,9,1929,141,141,170,170
10860,Tuesday,24,9,1929,141,141,170,170
10861,Wednesday,25,9,1929,141,141,170,170
10862,Thursday,26,9,1929,141,141,170,170
10863,Friday,27,9,1929,141,141,170,170
10864,Saturday,28,9,1929,141,141,170,170
10865,Sunday,29,9,1929,141,141,170,170
10866,Monday,30,9,1929,141,141,170,170
10867,Tuesday,1,10,1929,141,141,170,170
10868,Wednesday,2,10,1929,141,141,170,170
10869,Thursday,3,10,1929,141,141,170,170
10870,Friday,4,10,1929,141,141,170,170
10871,Saturday,5,10,1929,141,141,170,170
10872,Sunday,6,10,1929,141,141,170,170
10873,Monday,7,10,1929,141,141,170,170
10874,Tuesday,8,10,1929,141,141,170,170
10875,Wednesday,9,10,1929,141,141,170,170
10876,Thursday,10,10,1929,141,141,170,170
10877,Friday,11,10,1929,141,141,170,170
10878,Saturday,12,10,1929,141,141,170,170
10879,Sunday,13,10,1929,141,141,170,170
10880,Monday,14,10,1929,141,141,170,170
10881,Tuesday,15,10,1929,141,141,170,170
10882,Wednesday,16,10,1929,141,141,170,170
10883,Thursday,17,10,1929,141,141,170,170
10884,Friday,18,10,1929,141,141,170,170
10885,Saturday,19,10,1929,141,141,170,170
10886,Sunday,20,10,1929,141,141,170,170
10887,Monday,21,10,1929,141,141,170,170
10888,Tuesday,22,10,1929,141,141,170,170
10889,Wednesday,23,10,1929,141,141,170,170
10890,Thursday,24,10,1929,141,141,170,170
10891,Friday,25,10,1929,141,141,170,170
10892,Saturday,26,10,1929,141,141,170,170
10893,Sunday,27,10,1929,141,141,170,170
10894,Monday,28,10,1929,141,141,170,170
10895,Tuesday,29,10,1929,141,141,170,170
10896,Wednesday,30,10,1929,141,141,170,170
10897,Thursday,31,10,1929,141,141,170,170
10898,Friday,1,11,1929,141,141,170,170
10899,Saturday,2,11,1929,141,141,170,170
10900,Sunday,3,11,1929,141,141,170,170
10901,Monday,4,11,1929,141,141,170,170
10902,Tuesday,5,11,1929,141,141,170,170
10903,Wednesday,6,11,1929,141,141,170,170
10904,Thursday,7,11,1929,141,141,170,170
10905,Friday,8,11,1929,141,141,170,170
10906,Saturday,9,11,1929,141,141,170,170
10907,Sunday,10,11,1929,141,141,170,170
10908,Monday,11,11,1929,141,141,170,170
10909,Tuesday,12,11,1929,141,141,170,170
10910,Wednesday,13,11,1929,141,141,170,170
10911,Thursday,14,11,1929,141,141,170,170
10912,Friday,15,11,1929,141,141,170,170
10913,Saturday,16,11,1929,141,141,170,170
10914,Sunday,17,11,1929,141,141,170,170
10915,Monday,18,11,1929,141,141,170,170
10916,Tuesday,19,11,1929,141,141,170,170
10917,Wednesday,20,11,1929,141,141,170,170
10918,Thursday,21,11,1929,141,141,170,170
10919,Friday,22,11,1929,141,141,170,170
10920,Saturday,23,11,1929,141,141,170,170
10921,Sunday,24,11,1929,141,141,170,170
10922,Monday,25,11,1929,141,141,170,170
10923,Tuesday,26,11,1929,141,141,170,170
10924,Wednesday,27,11,1929,141,141,170,170
10925,Thursday,28,11,1929,141,141,170,170
10926,Friday,29,11,1929,141,141,170,170
10927,Saturday,30,11,1929,141,141,170,170
10928,Sunday,1,12,1929,141,141,170,170
10929,Monday,2,12,1929,141,141,170,170
10930,Tuesday,3,12,1929,141,141,170,170
10931,Wednesday,4,12,1929,141,141,170,170
10932,Thursday,5,12,1929,141,141,170,170
10933,Friday,6,12,1929,141,141,170,170
10934,Saturday,7,12,1929,141,141,170,170
10935,Sunday,8,12,1929,141,141,170,170
10936,Monday,9,12,1929,141,141,170,170
10937,Tuesday,10,12,1929,141,141,170,170
10938,Wednesday,11,12,1929,141,141,170,170
10939,Thursday,12,12,1929,141,141,170,170
10940,Friday,13,12,1929,141,141,170,170
10941,Saturday,14,12,1929,141,141,170,170
10942,Sunday,15,12,1929,141,141,170,170
10943,Monday,16,12,1929,141,141,170,170
10944,Tuesday,17,12,1929,141,141,170,170
10945,Wednesday,18,12,1929,141,141,170,170
10946,Thursday,19,12,1929,141,141,170,170
10947,Friday,20,12,1929,141,141,170,170
10948,Saturday,21,12,1929,141,141,170,170
10949,Sunday,22,12,1929,141,141,170,170
10950,Monday,23,12,1929,141,141,170,170
10951,Tuesday,24,12,1929,141,141,170,170
10952,Wednesday,25,12,1929,141,141,170,170
10953,Thursday,26,12,1929,141,141,170,170
10954,Friday,27,12,1929,141,141,170,170
10955,Saturday,28,12,1929,141,141,170,170
10956,Sunday,29,12,1929,141,141,170,170
10957,Monday,30,12,1929,141,141,170,170
10958,Tuesday,31,12,1929,141,141,169,169
10959,Wednesday,1,1,1930,141,141,169,169
10960,Thursday,2,1,1930,141,141,169,169
10961,Friday,3,1,1930,141,141,169,169
10962,Saturday,4,1,1930,141,141,169,169
10963,Sunday,5,1,1930,141,141,169,169
10964,Monday,6,1,1930,141,141,169,169
10965,Tuesday,7,1,1930,141,141,169,169
10966,Wednesday,8,1,1930,141,141,169,169
10967,Thursday,9,1,1930,141,141,169,169
10968,Friday,10,1,1930,141,141,169,169
10969,Saturday,11,1,1930,141,141,169,169
10970,Sunday,12,1,1930,141,141,169,169
10971,Monday,13,1,1930,141,141,169,169
10972,Tuesday,14,1,1930,141,141,169,169
10973,Wednesday,15,1,1930,141,141,169,169
10974,Thursday,16,1,1930,141,141,169,169
10975,Friday,17,1,1930,141,141,169,169
10976,Saturday,18,1,1930,141,141,169,169
10977,Sunday,19,1,1930,141,141,169,169
10978,Monday,20,1,1930,141,141,169,169
10979,Tuesday,21,1,1930,141,141,169,169
10980,Wednesday,22,1,1930,141,141,169,169
10981,Thursday,23,1,1930,141,141,169,169
10982,Friday,24,1,1930,141,141,169,169
10983,Saturday,25,1,1930,141,141,169,169
10984,Sunday,26,1,1930,141,141,169,169
10985,Monday,27,1,1930,141,141,169,169
10986,Tuesday,28,1,1930,141,141,169,169
10987,Wednesday,29,1,1930,141,141,169,169
10988,Thursday,30,1,1930,141,141,169,169
10989,Friday,31,1,1930,141,141,169,169
10990,Saturday,1,2,1930,141,141,169,169
10991,Sunday,2,2,1930,141,141,169,169
10992,Monday,3,2,1930,141,141,168,168
10993,Tuesday,4,2,1930,141,141,168,168
10994,Wednesday,5,2,1930,141,141,168,168
10995,Thursday,6,2,1930,141,141,168,168
10996,Friday,7,2,1930,141,141,168,168
10997,Saturday,8,2,1930,141,141,168,168
10998,Sunday,9,2,1930,141,141,168,168
10999,Monday,10,2,1930,141,141,168,168
11000,Tuesday,11,2,1930,141,141,168,168
11001,Wednesday,12,2,1930,141,141,168,168
11002,Thursday,13,2,1930,141,141,168,168
11003,Friday,14,2,1930,141,141,168,168
11004,Saturday,15,2,1930,141,141,168,168
11005,Sunday,16,2,1930,141,141,168,168
11006,Monday,17,2,1930,141,141,168,168
11007,Tuesday,18,2,1930,141,141,167,167
11008,Wednesday,19,2,1930,141,141,167,167
11009,Thursday,20,2,1930,141,141,167,167
11010,Friday,21,2,1930,141,141,167,167
11011,Saturday,22,2,1930,141,141,167,167
11012,Sunday,23,2,1930,141,141,166,166
11013,Monday,24,2,1930,141,141,166,166
11014,Tuesday,25,2,1930,141,141,166,166
11015,Wednesday,26,2,1930,141,141,166,166
11016,Thursday,27,2,1930,141,141,166,166
11017,Friday,28,2,1930,141,141,166,166
11018,Saturday,1,3,1930,141,141,166,166
11019,Sunday,2,3,1930,141,141,166,166
11020,Monday,3,3,1930,141,141,166,166
11021,Tuesday,4,3,1930,141,141,166,166
11022,Wednesday,5,3,1930,141,141,166,166
11023,Thursday,6,3,1930,141,141,166,166
11024,Friday,7,3,1930,141,141,166,166
11025,Saturday,8,3,1930,141,141,166,166
11026,Sunday,9,3,1930,141,141,166,166
11027,Monday,10,3,1930,141,141,166,166
11028,Tuesday,11,3,1930,142,142,166,166
11029,Wednesday,12,3,1930,142,142,166,166
11030,Thursday,13,3,1930,142,142,166,166
11031,Friday,14,3,1930,142,142,166,166
11032,Saturday,15,3,1930,141,141,166,166
11033,Sunday,16,3,1930,141,141,166,166
11034,Monday,17,3,1930,141,141,166,166
11035,Tuesday,18,3,1930,141,141,166,166
11036,Wednesday,19,3,1930,141,141,166,166
11037,Thursday,20,3,1930,141,141,166,166
11038,Friday,21,3,1930,141,141,166,166
11039,Saturday,22,3,1930,141,141,166,166
11040,Sunday,23,3,1930,141,141,166,166
11041,Monday,24,3,1930,141,141,166,166
11042,Tuesday,25,3,1930,141,141,166,166
11043,Wednesday,26,3,1930,141,141,166,166
11044,Thursday,27,3,1930,141,141,166,166
11045,Friday,28,3,1930,141,141,166,166
11046,Saturday,29,3,1930,141,141,166,166
11047,Sunday,30,3,1930,141,141,166,166
11048,Monday,31,3,1930,141,141,166,166
11049,Tuesday,1,4,1930,141,141,166,166
11050,Wednesday,2,4,1930,141,141,166,166
11051,Thursday,3,4,1930,141,141,166,166
11052,Friday,4,4,1930,140,140,166,166
11053,Saturday,5,4,1930,139,139,166,166
11054,Sunday,6,4,1930,139,139,166,166
11055,Monday,7,4,1930,139,139,166,166
11056,Tuesday,8,4,1930,139,139,166,166
11057,Wednesday,9,4,1930,139,139,166,166
11058,Thursday,10,4,1930,139,139,166,166
11059,Friday,11,4,1930,139,139,166,166
11060,Saturday,12,4,1930,139,139,166,166
11061,Sunday,13,4,1930,139,139,166,166
11062,Monday,14,4,1930,139,139,166,166
11063,Tuesday,15,4,1930,139,139,166,166
11064,Wednesday,16,4,1930,139,139,166,166
11065,Thursday,17,4,1930,139,139,166,166
11066,Friday,18,4,1930,139,139,166,166
11067,Saturday,19,4,1930,139,139,166,166
11068,Sunday,20,4,1930,139,139,165,165
11069,Monday,21,4,1930,139,139,165,165
11070,Tuesday,22,4,1930,139,139,165,165
11071,Wednesday,23,4,1930,139,139,165,165
11072,Thursday,24,4,1930,139,139,165,165
11073,Friday,25,4,1930,139,139,165,165
11074,Saturday,26,4,1930,139,139,165,165
11075,Sunday,27,4,1930,139,139,165,165
11076,Monday,28,4,1930,139,139,165,165
11077,Tuesday,29,4,1930,139,139,165,165
11078,Wednesday,30,4,1930,139,139,165,165
11079,Thursday,1,5,1930,139,139,165,165
11080,Friday,2,5,1930,139,139,165,165
11081,Saturday,3,5,1930,139,139,165,165
11082,Sunday,4,5,1930,139,139,165,165
11083,Monday,5,5,1930,139,139,165,165
11084,Tuesday,6,5,1930,139,139,166,166
11085,Wednesday,7,5,1930,139,139,166,166
11086,Thursday,8,5,1930,139,139,166,166
11087,Friday,9,5,1930,139,139,166,166
11088,Saturday,10,5,1930,139,139,166,166
11089,Sunday,11,5,1930,139,139,166,166
11090,Monday,12,5,1930,139,139,166,166
11091,Tuesday,13,5,1930,139,139,165,165
11092,Wednesday,14,5,1930,139,139,165,165
11093,Thursday,15,5,1930,139,139,165,165
11094,Friday,16,5,1930,138,138,165,165
11095,Saturday,17,5,1930,137,137,165,165
11096,Sunday,18,5,1930,137,137,165,165
11097,Monday,19,5,1930,137,137,165,165
11098,Tuesday,20,5,1930,137,137,165,165
11099,Wednesday,21,5,1930,137,137,165,165
11100,Thursday,22,5,1930,137,137,165,165
11101,Friday,23,5,1930,136,136,165,165
11102,Saturday,24,5,1930,136,136,165,165
11103,Sunday,25,5,1930,136,136,165,165
11104,Monday,26,5,1930,136,136,165,165
11105,Tuesday,27,5,1930,136,136,165,165
11106,Wednesday,28,5,1930,136,136,165,165
11107,Thursday,29,5,1930,136,136,165,165
11108,Friday,30,5,1930,136,136,165,165
11109,Saturday,31,5,1930,136,136,165,165
11110,Sunday,1,6,1930,136,136,165,165
11111,Monday,2,6,1930,136,136,165,165
11112,Tuesday,3,6,1930,136,136,165,165
11113,Wednesday,4,6,1930,136,136,165,165
11114,Thursday,5,6,1930,136,136,165,165
11115,Friday,6,6,1930,136,136,165,165
11116,Saturday,7,6,1930,136,136,165,165
11117,Sunday,8,6,1930,136,136,165,165
11118,Monday,9,6,1930,136,136,165,165
11119,Tuesday,10,6,1930,136,136,165,165
11120,Wednesday,11,6,1930,136,136,165,165
11121,Thursday,12,6,1930,136,136,165,165
11122,Friday,13,6,1930,136,136,165,165
11123,Saturday,14,6,1930,136,136,165,165
11124,Sunday,15,6,1930,136,136,165,165
11125,Monday,16,6,1930,136,136,165,165
11126,Tuesday,17,6,1930,136,136,165,165
11127,Wednesday,18,6,1930,136,136,165,165
11128,Thursday,19,6,1930,136,136,165,165
11129,Friday,20,6,1930,135,135,165,165
11130,Saturday,21,6,1930,135,135,165,165
11131,Sunday,22,6,1930,135,135,165,165
11132,Monday,23,6,1930,135,135,165,165
11133,Tuesday,24,6,1930,135,135,165,165
11134,Wednesday,25,6,1930,135,135,165,165
11135,Thursday,26,6,1930,135,135,165,165
11136,Friday,27,6,1930,135,135,165,165
11137,Saturday,28,6,1930,135,135,165,165
11138,Sunday,29,6,1930,135,135,165,165
11139,Monday,30,6,1930,135,135,165,165
11140,Tuesday,1,7,1930,135,135,165,165
11141,Wednesday,2,7,1930,135,135,165,165
11142,Thursday,3,7,1930,135,135,165,165
11143,Friday,4,7,1930,135,135,165,165
11144,Saturday,5,7,1930,135,135,165,165
11145,Sunday,6,7,1930,135,135,165,165
11146,Monday,7,7,1930,135,135,165,165
11147,Tuesday,8,7,1930,135,135,165,165
11148,Wednesday,9,7,1930,135,135,165,165
11149,Thursday,10,7,1930,135,135,165,165
11150,Friday,11,7,1930,135,135,165,165
11151,Saturday,12,7,1930,135,135,165,165
11152,Sunday,13,7,1930,135,135,165,165
11153,Monday,14,7,1930,135,135,165,165
11154,Tuesday,15,7,1930,135,135,165,165
11155,Wednesday,16,7,1930,135,135,165,165
11156,Thursday,17,7,1930,135,135,165,165
11157,Friday,18,7,1930,135,135,165,165
11158,Saturday,19,7,1930,135,135,165,165
11159,Sunday,20,7,1930,135,135,165,165
11160,Monday,21,7,1930,135,135,165,165
11161,Tuesday,22,7,1930,135,135,165,165
11162,Wednesday,23,7,1930,135,135,165,165
11163,Thursday,24,7,1930,135,135,165,165
11164,Friday,25,7,1930,135,135,165,165
11165,Saturday,26,7,1930,135,135,165,165
11166,Sunday,27,7,1930,135,135,165,165
11167,Monday,28,7,1930,135,135,165,165
11168,Tuesday,29,7,1930,135,135,165,165
11169,Wednesday,30,7,1930,135,135,165,165
11170,Thursday,31,7,1930,135,135,165,165
11171,Friday,1,8,1930,135,135,165,165
11172,Saturday,2,8,1930,135,135,165,165
11173,Sunday,3,8,1930,135,135,165,165
11174,Monday,4,8,1930,135,135,165,165
11175,Tuesday,5,8,1930,135,135,165,165
11176,Wednesday,6,8,1930,135,135,165,165
11177,Thursday,7,8,1930,135,135,165,165
11178,Friday,8,8,1930,135,135,165,165
11179,Saturday,9,8,1930,135,135,165,165
11180,Sunday,10,8,1930,135,135,166,166
11181,Monday,11,8,1930,135,135,166,166
11182,Tuesday,12,8,1930,135,135,166,166
11183,Wednesday,13,8,1930,135,135,166,166
11184,Thursday,14,8,1930,135,135,166,166
11185,Friday,15,8,1930,135,135,166,166
11186,Saturday,16,8,1930,135,135,166,166
11187,Sunday,17,8,1930,135,135,166,166
11188,Monday,18,8,1930,135,135,166,166
11189,Tuesday,19,8,1930,135,135,166,166
11190,Wednesday,20,8,1930,135,135,166,166
11191,Thursday,21,8,1930,135,135,166,166
11192,Friday,22,8,1930,135,135,166,166
11193,Saturday,23,8,1930,135,135,166,166
11194,Sunday,24,8,1930,135,135,166,166
11195,Monday,25,8,1930,133,133,166,166
11196,Tuesday,26,8,1930,133,133,166,166
11197,Wednesday,27,8,1930,133,133,166,166
11198,Thursday,28,8,1930,133,133,166,166
11199,Friday,29,8,1930,133,133,166,166
11200,Saturday,30,8,1930,133,133,166,166
11201,Sunday,31,8,1930,133,133,166,166
11202,Monday,1,9,1930,133,133,166,166
11203,Tuesday,2,9,1930,133,133,166,166
11204,Wednesday,3,9,1930,133,133,166,166
11205,Thursday,4,9,1930,133,133,166,166
11206,Friday,5,9,1930,133,133,166,166
11207,Saturday,6,9,1930,133,133,166,166
11208,Sunday,7,9,1930,133,133,166,166
11209,Monday,8,9,1930,133,133,166,166
11210,Tuesday,9,9,1930,133,133,166,166
11211,Wednesday,10,9,1930,133,133,166,166
11212,Thursday,11,9,1930,133,133,166,166
11213,Friday,12,9,1930,133,133,166,166
11214,Saturday,13,9,1930,133,133,166,166
11215,Sunday,14,9,1930,133,133,166,166
11216,Monday,15,9,1930,133,133,166,166
11217,Tuesday,16,9,1930,134,134,166,166
11218,Wednesday,17,9,1930,134,134,166,166
11219,Thursday,18,9,1930,134,134,166,166
11220,Friday,19,9,1930,134,134,166,166
11221,Saturday,20,9,1930,134,134,166,166
11222,Sunday,21,9,1930,134,134,166,166
11223,Monday,22,9,1930,134,134,166,166
11224,Tuesday,23,9,1930,134,134,166,166
11225,Wednesday,24,9,1930,134,134,166,166
11226,Thursday,25,9,1930,134,134,166,166
11227,Friday,26,9,1930,134,134,166,166
11228,Saturday,27,9,1930,134,134,166,166
11229,Sunday,28,9,1930,134,134,166,166
11230,Monday,29,9,1930,134,134,166,166
11231,Tuesday,30,9,1930,134,134,166,166
11232,Wednesday,1,10,1930,134,134,166,166
11233,Thursday,2,10,1930,134,134,166,166
11234,Friday,3,10,1930,134,133,166,166
11235,Saturday,4,10,1930,134,133,166,166
11236,Sunday,5,10,1930,134,133,166,166
11237,Monday,6,10,1930,134,133,166,166
11238,Tuesday,7,10,1930,134,133,166,166
11239,Wednesday,8,10,1930,134,133,166,166
11240,Thursday,9,10,1930,134,133,166,166
11241,Friday,10,10,1930,133,132,166,166
11242,Saturday,11,10,1930,133,132,166,166
11243,Sunday,12,10,1930,133,132,166,166
11244,Monday,13,10,1930,133,132,166,166
11245,Tuesday,14,10,1930,133,132,166,166
11246,Wednesday,15,10,1930,133,132,165,165
11247,Thursday,16,10,1930,133,132,165,165
11248,Friday,17,10,1930,133,132,165,165
11249,Saturday,18,10,1930,133,132,164,164
11250,Sunday,19,10,1930,133,132,163,163
11251,Monday,20,10,1930,133,132,163,163
11252,Tuesday,21,10,1930,133,132,163,163
11253,Wednesday,22,10,1930,133,132,163,163
11254,Thursday,23,10,1930,133,132,163,163
11255,Friday,24,10,1930,133,132,163,163
11256,Saturday,25,10,1930,133,132,163,163
11257,Sunday,26,10,1930,133,132,163,163
11258,Monday,27,10,1930,133,132,163,163
11259,Tuesday,28,10,1930,132,131,163,163
11260,Wednesday,29,10,1930,132,131,163,163
11261,Thursday,30,10,1930,132,131,163,163
11262,Friday,31,10,1930,132,131,163,163
11263,Saturday,1,11,1930,132,131,163,163
11264,Sunday,2,11,1930,131,130,163,163
11265,Monday,3,11,1930,131,130,163,163
11266,Tuesday,4,11,1930,131,130,163,163
11267,Wednesday,5,11,1930,131,130,163,163
11268,Thursday,6,11,1930,131,130,163,163
11269,Friday,7,11,1930,131,130,163,163
11270,Saturday,8,11,1930,131,130,163,163
11271,Sunday,9,11,1930,131,130,163,163
11272,Monday,10,11,1930,131,130,163,163
11273,Tuesday,11,11,1930,131,130,163,163
11274,Wednesday,12,11,1930,131,130,163,163
11275,Thursday,13,11,1930,131,130,163,163
11276,Friday,14,11,1930,131,130,163,163
11277,Saturday,15,11,1930,131,130,163,163
11278,Sunday,16,11,1930,131,130,163,163
11279,Monday,17,11,1930,131,130,163,163
11280,Tuesday,18,11,1930,131,130,163,163
11281,Wednesday,19,11,1930,131,130,163,163
11282,Thursday,20,11,1930,131,130,162,162
11283,Friday,21,11,1930,130,129,161,161
11284,Saturday,22,11,1930,130,129,161,161
11285,Sunday,23,11,1930,130,129,161,161
11286,Monday,24,11,1930,130,129,161,161
11287,Tuesday,25,11,1930,130,129,161,161
11288,Wednesday,26,11,1930,130,129,161,161
11289,Thursday,27,11,1930,130,129,161,160
11290,Friday,28,11,1930,130,129,161,160
11291,Saturday,29,11,1930,130,129,160,159
11292,Sunday,30,11,1930,130,129,160,159
11293,Monday,1,12,1930,130,129,160,159
11294,Tuesday,2,12,1930,130,129,160,159
11295,Wednesday,3,12,1930,130,129,160,159
11296,Thursday,4,12,1930,130,129,160,159
11297,Friday,5,12,1930,130,129,160,159
11298,Saturday,6,12,1930,130,129,160,159
11299,Sunday,7,12,1930,130,129,159,158
11300,Monday,8,12,1930,129,128,159,158
11301,Tuesday,9,12,1930,129,128,159,158
11302,Wednesday,10,12,1930,129,128,159,158
11303,Thursday,11,12,1930,129,128,159,158
11304,Friday,12,12,1930,129,128,159,158
11305,Saturday,13,12,1930,129,128,159,158
11306,Sunday,14,12,1930,129,128,159,158
11307,Monday,15,12,1930,129,128,159,158
11308,Tuesday,16,12,1930,129,128,159,158
11309,Wednesday,17,12,1930,129,128,158,157
11310,Thursday,18,12,1930,129,128,158,157
11311,Friday,19,12,1930,129,128,156,155
11312,Saturday,20,12,1930,129,128,153,151
11313,Sunday,21,12,1930,129,128,151,148
11314,Monday,22,12,1930,129,128,151,148
11315,Tuesday,23,12,1930,128,126,151,148
11316,Wednesday,24,12,1930,128,126,150,146
11317,Thursday,25,12,1930,128,126,144,139
11318,Friday,26,12,1930,128,126,144,138
11319,Saturday,27,12,1930,128,126,143,135
11320,Sunday,28,12,1930,128,126,143,134
11321,Monday,29,12,1930,128,126,143,134
11322,Tuesday,30,12,1930,128,125,143,134
11323,Wednesday,31,12,1930,128,123,140,129
11324,Thursday,1,1,1931,128,123,140,129
11325,Friday,2,1,1931,128,123,140,129
11326,Saturday,3,1,1931,128,123,138,124
11327,Sunday,4,1,1931,128,123,138,121
11328,Monday,5,1,1931,128,123,138,121
11329,Tuesday,6,1,1931,127,122,137,120
11330,Wednesday,7,1,1931,126,121,135,118
11331,Thursday,8,1,1931,126,121,135,118
11332,Friday,9,1,1931,126,121,134,116
11333,Saturday,10,1,1931,126,121,134,116
11334,Sunday,11,1,1931,126,121,133,112
11335,Monday,12,1,1931,125,120,133,112
11336,Tuesday,13,1,1931,125,119,133,112
11337,Wednesday,14,1,1931,124,118,133,111
11338,Thursday,15,1,1931,123,117,133,111
11339,Friday,16,1,1931,123,117,133,111
11340,Saturday,17,1,1931,123,117,133,111
11341,Sunday,18,1,1931,123,117,133,111
11342,Monday,19,1,1931,123,117,133,111
11343,Tuesday,20,1,1931,123,117,133,111
11344,Wednesday,21,1,1931,122,116,133,111
11345,Thursday,22,1,1931,122,114,133,111
11346,Friday,23,1,1931,122,114,133,111
11347,Saturday,24,1,1931,122,114,133,111
11348,Sunday,25,1,1931,122,114,133,112
11349,Monday,26,1,1931,122,114,133,112
11350,Tuesday,27,1,1931,121,113,133,112
11351,Wednesday,28,1,1931,121,113,133,112
11352,Thursday,29,1,1931,121,113,133,112
11353,Friday,30,1,1931,121,113,133,113
11354,Saturday,31,1,1931,121,114,133,113
11355,Sunday,1,2,1931,121,114,133,115
11356,Monday,2,2,1931,121,114,133,115
11357,Tuesday,3,2,1931,121,114,133,118
11358,Wednesday,4,2,1931,121,114,133,118
11359,Thursday,5,2,1931,121,114,133,118
11360,Friday,6,2,1931,121,114,133,119
11361,Saturday,7,2,1931,121,114,133,119
11362,Sunday,8,2,1931,121,114,133,118
11363,Monday,9,2,1931,121,114,133,118
11364,Tuesday,10,2,1931,121,114,133,118
11365,Wednesday,11,2,1931,121,114,133,119
11366,Thursday,12,2,1931,121,114,133,119
11367,Friday,13,2,1931,121,116,133,119
11368,Saturday,14,2,1931,121,116,133,119
11369,Sunday,15,2,1931,121,116,133,120
11370,Monday,16,2,1931,121,116,133,120
11371,Tuesday,17,2,1931,121,116,133,121
11372,Wednesday,18,2,1931,121,116,133,122
11373,Thursday,19,2,1931,121,116,133,122
11374,Friday,20,2,1931,121,116,133,122
11375,Saturday,21,2,1931,121,116,133,122
11376,Sunday,22,2,1931,121,117,133,119
11377,Monday,23,2,1931,121,117,133,119
11378,Tuesday,24,2,1931,121,117,133,121
11379,Wednesday,25,2,1931,121,117,133,121
11380,Thursday,26,2,1931,121,117,133,121
11381,Friday,27,2,1931,121,117,133,121
11382,Saturday,28,2,1931,121,117,133,121
11383,Sunday,1,3,1931,121,119,132,120
11384,Monday,2,3,1931,121,119,132,120
11385,Tuesday,3,3,1931,121,119,131,118
11386,Wednesday,4,3,1931,121,119,131,118
11387,Thursday,5,3,1931,121,119,131,118
11388,Friday,6,3,1931,121,119,131,118
11389,Saturday,7,3,1931,121,119,131,118
11390,Sunday,8,3,1931,121,119,131,118
11391,Monday,9,3,1931,121,119,131,118
11392,Tuesday,10,3,1931,121,119,131,118
11393,Wednesday,11,3,1931,121,119,132,119
11394,Thursday,12,3,1931,121,119,132,119
11395,Friday,13,3,1931,121,119,132,119
11396,Saturday,14,3,1931,121,119,132,119
11397,Sunday,15,3,1931,121,119,132,119
11398,Monday,16,3,1931,121,119,132,119
11399,Tuesday,17,3,1931,121,119,132,120
11400,Wednesday,18,3,1931,121,119,132,120
11401,Thursday,19,3,1931,121,119,132,120
11402,Friday,20,3,1931,121,120,132,120
11403,Saturday,21,3,1931,121,120,132,120
11404,Sunday,22,3,1931,121,120,132,120
11405,Monday,23,3,1931,121,120,132,120
11406,Tuesday,24,3,1931,121,120,132,120
11407,Wednesday,25,3,1931,121,120,132,121
11408,Thursday,26,3,1931,121,120,132,121
11409,Friday,27,3,1931,121,120,132,121
11410,Saturday,28,3,1931,121,120,132,121
11411,Sunday,29,3,1931,121,120,132,121
11412,Monday,30,3,1931,121,120,132,121
11413,Tuesday,31,3,1931,121,120,132,121
11414,Wednesday,1,4,1931,121,120,132,121
11415,Thursday,2,4,1931,121,120,132,121
11416,Friday,3,4,1931,121,120,132,121
11417,Saturday,4,4,1931,121,120,132,121
11418,Sunday,5,4,1931,121,120,132,121
11419,Monday,6,4,1931,121,120,132,121
11420,Tuesday,7,4,1931,121,120,132,122
11421,Wednesday,8,4,1931,121,120,132,122
11422,Thursday,9,4,1931,121,120,132,123
11423,Friday,10,4,1931,121,120,132,123
11424,Saturday,11,4,1931,121,120,132,123
11425,Sunday,12,4,1931,121,120,132,126
11426,Monday,13,4,1931,121,120,132,126
11427,Tuesday,14,4,1931,121,120,132,126
11428,Wednesday,15,4,1931,121,120,132,126
11429,Thursday,16,4,1931,121,120,132,126
11430,Friday,17,4,1931,121,120,132,126
11431,Saturday,18,4,1931,121,120,132,127
11432,Sunday,19,4,1931,121,120,132,127
11433,Monday,20,4,1931,121,120,132,127
11434,Tuesday,21,4,1931,121,120,132,127
11435,Wednesday,22,4,1931,121,120,132,128
11436,Thursday,23,4,1931,121,121,132,128
11437,Friday,24,4,1931,121,121,132,128
11438,Saturday,25,4,1931,121,121,132,128
11439,Sunday,26,4,1931,121,121,132,128
11440,Monday,27,4,1931,121,121,132,128
11441,Tuesday,28,4,1931,121,121,132,128
11442,Wednesday,29,4,1931,121,121,132,128
11443,Thursday,30,4,1931,121,121,132,128
11444,Friday,1,5,1931,121,121,132,128
11445,Saturday,2,5,1931,121,121,132,128
11446,Sunday,3,5,1931,121,121,132,128
11447,Monday,4,5,1931,121,121,132,128
11448,Tuesday,5,5,1931,121,121,132,128
11449,Wednesday,6,5,1931,121,121,132,128
11450,Thursday,7,5,1931,121,121,132,128
11451,Friday,8,5,1931,121,121,132,128
11452,Saturday,9,5,1931,121,121,132,128
11453,Sunday,10,5,1931,121,121,132,128
11454,Monday,11,5,1931,121,121,132,128
11455,Tuesday,12,5,1931,121,121,132,128
11456,Wednesday,13,5,1931,121,121,132,128
11457,Thursday,14,5,1931,121,121,132,128
11458,Friday,15,5,1931,121,121,132,128
11459,Saturday,16,5,1931,121,121,132,128
11460,Sunday,17,5,1931,121,121,132,128
11461,Monday,18,5,1931,121,121,132,128
11462,Tuesday,19,5,1931,121,121,132,128
11463,Wednesday,20,5,1931,121,121,132,128
11464,Thursday,21,5,1931,121,121,132,128
11465,Friday,22,5,1931,121,121,132,128
11466,Saturday,23,5,1931,121,121,132,128
11467,Sunday,24,5,1931,121,121,132,129
11468,Monday,25,5,1931,121,121,132,129
11469,Tuesday,26,5,1931,121,121,132,129
11470,Wednesday,27,5,1931,121,121,132,129
11471,Thursday,28,5,1931,121,121,132,129
11472,Friday,29,5,1931,121,121,132,129
11473,Saturday,30,5,1931,121,121,132,129
11474,Sunday,31,5,1931,121,121,132,129
11475,Monday,1,6,1931,121,121,132,129
11476,Tuesday,2,6,1931,121,121,132,129
11477,Wednesday,3,6,1931,121,121,132,129
11478,Thursday,4,6,1931,121,121,132,129
11479,Friday,5,6,1931,121,121,132,129
11480,Saturday,6,6,1931,121,121,132,129
11481,Sunday,7,6,1931,121,121,132,129
11482,Monday,8,6,1931,121,121,132,129
11483,Tuesday,9,6,1931,121,121,132,129
11484,Wednesday,10,6,1931,121,121,132,129
11485,Thursday,11,6,1931,121,121,132,129
11486,Friday,12,6,1931,121,121,132,129
11487,Saturday,13,6,1931,121,121,132,129
11488,Sunday,14,6,1931,121,121,132,129
11489,Monday,15,6,1931,121,121,132,129
11490,Tuesday,16,6,1931,121,121,132,129
11491,Wednesday,17,6,1931,121,121,132,129
11492,Thursday,18,6,1931,121,121,132,129
11493,Friday,19,6,1931,121,121,132,129
11494,Saturday,20,6,1931,121,121,132,129
11495,Sunday,21,6,1931,121,121,132,129
11496,Monday,22,6,1931,121,121,132,129
11497,Tuesday,23,6,1931,121,121,132,129
11498,Wednesday,24,6,1931,121,121,132,129
11499,Thursday,25,6,1931,121,121,132,130
11500,Friday,26,6,1931,121,121,132,130
11501,Saturday,27,6,1931,121,121,132,130
11502,Sunday,28,6,1931,121,121,132,130
11503,Monday,29,6,1931,121,121,132,130
11504,Tuesday,30,6,1931,121,121,132,130
11505,Wednesday,1,7,1931,121,121,132,130
11506,Thursday,2,7,1931,121,121,132,130
11507,Friday,3,7,1931,121,121,132,130
11508,Saturday,4,7,1931,121,121,132,130
11509,Sunday,5,7,1931,121,121,132,130
11510,Monday,6,7,1931,121,121,132,130
11511,Tuesday,7,7,1931,121,121,132,130
11512,Wednesday,8,7,1931,121,121,132,130
11513,Thursday,9,7,1931,121,121,132,130
11514,Friday,10,7,1931,121,121,132,130
11515,Saturday,11,7,1931,121,121,132,130
11516,Sunday,12,7,1931,121,121,132,130
11517,Monday,13,7,1931,121,121,132,130
11518,Tuesday,14,7,1931,121,121,132,130
11519,Wednesday,15,7,1931,121,121,132,130
11520,Thursday,16,7,1931,121,121,132,130
11521,Friday,17,7,1931,121,121,132,130
11522,Saturday,18,7,1931,121,121,132,130
11523,Sunday,19,7,1931,121,121,132,130
11524,Monday,20,7,1931,121,121,132,130
11525,Tuesday,21,7,1931,121,121,132,130
11526,Wednesday,22,7,1931,121,121,132,130
11527,Thursday,23,7,1931,121,121,132,130
11528,Friday,24,7,1931,121,121,132,130
11529,Saturday,25,7,1931,121,121,132,130
11530,Sunday,26,7,1931,121,121,132,130
11531,Monday,27,7,1931,121,121,132,130
11532,Tuesday,28,7,1931,121,121,132,130
11533,Wednesday,29,7,1931,121,121,132,130
11534,Thursday,30,7,1931,121,121,132,130
11535,Friday,31,7,1931,121,121,132,130
11536,Saturday,1,8,1931,121,121,132,130
11537,Sunday,2,8,1931,121,121,132,130
11538,Monday,3,8,1931,121,121,132,130
11539,Tuesday,4,8,1931,121,121,132,130
11540,Wednesday,5,8,1931,121,121,132,130
11541,Thursday,6,8,1931,121,121,132,130
11542,Friday,7,8,1931,121,121,132,130
11543,Saturday,8,8,1931,121,121,132,130
11544,Sunday,9,8,1931,121,121,132,130
11545,Monday,10,8,1931,121,121,132,130
11546,Tuesday,11,8,1931,121,121,132,130
11547,Wednesday,12,8,1931,121,121,132,130
11548,Thursday,13,8,1931,121,121,132,130
11549,Friday,14,8,1931,121,121,132,130
11550,Saturday,15,8,1931,121,121,132,130
11551,Sunday,16,8,1931,121,121,132,130
11552,Monday,17,8,1931,121,121,132,130
11553,Tuesday,18,8,1931,121,121,132,130
11554,Wednesday,19,8,1931,121,121,132,130
11555,Thursday,20,8,1931,121,121,132,130
11556,Friday,21,8,1931,121,121,132,130
11557,Saturday,22,8,1931,121,121,132,130
11558,Sunday,23,8,1931,121,121,132,130
11559,Monday,24,8,1931,121,121,132,130
11560,Tuesday,25,8,1931,121,121,132,130
11561,Wednesday,26,8,1931,121,121,132,130
11562,Thursday,27,8,1931,121,121,132,130
11563,Friday,28,8,1931,121,121,132,130
11564,Saturday,29,8,1931,121,121,132,130
11565,Sunday,30,8,1931,121,121,132,130
11566,Monday,31,8,1931,121,121,132,130
11567,Tuesday,1,9,1931,121,121,132,130
11568,Wednesday,2,9,1931,121,121,132,130
11569,Thursday,3,9,1931,121,121,132,130
11570,Friday,4,9,1931,121,121,132,130
11571,Saturday,5,9,1931,121,121,132,130
11572,Sunday,6,9,1931,121,121,132,130
11573,Monday,7,9,1931,121,121,132,130
11574,Tuesday,8,9,1931,121,121,132,130
11575,Wednesday,9,9,1931,121,121,132,130
11576,Thursday,10,9,1931,121,121,132,130
11577,Friday,11,9,1931,121,121,132,130
11578,Saturday,12,9,1931,121,121,132,130
11579,Sunday,13,9,1931,121,121,132,130
11580,Monday,14,9,1931,121,121,132,130
11581,Tuesday,15,9,1931,121,121,132,130
11582,Wednesday,16,9,1931,121,121,132,130
11583,Thursday,17,9,1931,121,121,132,130
11584,Friday,18,9,1931,120,120,132,130
11585,Saturday,19,9,1931,120,120,132,130
11586,Sunday,20,9,1931,120,120,132,130
11587,Monday,21,9,1931,120,120,132,130
11588,Tuesday,22,9,1931,119,119,132,130
11589,Wednesday,23,9,1931,119,119,132,130
11590,Thursday,24,9,1931,119,119,132,130
11591,Friday,25,9,1931,119,119,132,130
11592,Saturday,26,9,1931,119,119,132,130
11593,Sunday,27,9,1931,119,119,132,130
11594,Monday,28,9,1931,119,119,132,130
11595,Tuesday,29,9,1931,119,119,132,130
11596,Wednesday,30,9,1931,119,119,132,130
11597,Thursday,1,10,1931,119,119,132,130
11598,Friday,2,10,1931,119,119,132,130
11599,Saturday,3,10,1931,119,119,132,130
11600,Sunday,4,10,1931,119,119,132,130
11601,Monday,5,10,1931,119,119,131,129
11602,Tuesday,6,10,1931,119,119,131,129
11603,Wednesday,7,10,1931,119,119,131,129
11604,Thursday,8,10,1931,119,119,131,129
11605,Friday,9,10,1931,119,119,131,129
11606,Saturday,10,10,1931,119,119,131,129
11607,Sunday,11,10,1931,119,119,131,129
11608,Monday,12,10,1931,119,119,131,129
11609,Tuesday,13,10,1931,118,118,131,129
11610,Wednesday,14,10,1931,118,118,131,129
11611,Thursday,15,10,1931,118,118,131,129
11612,Friday,16,10,1931,118,117,131,129
11613,Saturday,17,10,1931,118,117,131,129
11614,Sunday,18,10,1931,118,117,131,129
11615,Monday,19,10,1931,118,117,131,129
11616,Tuesday,20,10,1931,118,117,131,129
11617,Wednesday,21,10,1931,118,117,131,129
11618,Thursday,22,10,1931,118,117,131,129
11619,Friday,23,10,1931,118,117,131,129
11620,Saturday,24,10,1931,118,117,131,129
11621,Sunday,25,10,1931,118,117,131,130
11622,Monday,26,10,1931,118,117,131,130
11623,Tuesday,27,10,1931,118,116,131,130
11624,Wednesday,28,10,1931,118,116,131,130
11625,Thursday,29,10,1931,118,116,131,130
11626,Friday,30,10,1931,118,116,131,130
11627,Saturday,31,10,1931,118,116,131,130
11628,Sunday,1,11,1931,118,116,131,130
11629,Monday,2,11,1931,118,116,131,130
11630,Tuesday,3,11,1931,118,116,131,130
11631,Wednesday,4,11,1931,118,116,131,130
11632,Thursday,5,11,1931,118,116,131,130
11633,Friday,6,11,1931,118,116,131,130
11634,Saturday,7,11,1931,118,116,131,130
11635,Sunday,8,11,1931,118,116,131,130
11636,Monday,9,11,1931,118,116,131,130
11637,Tuesday,10,11,1931,118,116,131,130
11638,Wednesday,11,11,1931,118,116,131,130
11639,Thursday,12,11,1931,118,116,131,130
11640,Friday,13,11,1931,118,116,131,130
11641,Saturday,14,11,1931,118,115,131,130
11642,Sunday,15,11,1931,117,114,131,130
11643,Monday,16,11,1931,117,114,131,130
11644,Tuesday,17,11,1931,117,114,130,129
11645,Wednesday,18,11,1931,117,114,130,129
11646,Thursday,19,11,1931,117,114,130,129
11647,Friday,20,11,1931,117,114,130,129
11648,Saturday,21,11,1931,117,114,129,128
11649,Sunday,22,11,1931,117,114,129,128
11650,Monday,23,11,1931,117,114,129,128
11651,Tuesday,24,11,1931,117,114,129,128
11652,Wednesday,25,11,1931,117,114,129,128
11653,Thursday,26,11,1931,117,114,128,127
11654,Friday,27,11,1931,117,114,128,127
11655,Saturday,28,11,1931,116,112,128,127
11656,Sunday,29,11,1931,116,112,128,127
11657,Monday,30,11,1931,116,112,128,127
11658,Tuesday,1,12,1931,116,111,128,127
11659,Wednesday,2,12,1931,116,111,128,127
11660,Thursday,3,12,1931,116,111,128,127
11661,Friday,4,12,1931,116,111,128,127
11662,Saturday,5,12,1931,116,110,128,127
11663,Sunday,6,12,1931,116,109,128,127
11664,Monday,7,12,1931,116,109,128,127
11665,Tuesday,8,12,1931,116,109,128,127
11666,Wednesday,9,12,1931,116,109,128,127
11667,Thursday,10,12,1931,116,108,128,127
11668,Friday,11,12,1931,116,108,128,127
11669,Saturday,12,12,1931,116,108,128,127
11670,Sunday,13,12,1931,116,108,128,127
11671,Monday,14,12,1931,116,108,128,127
11672,Tuesday,15,12,1931,116,108,128,127
11673,Wednesday,16,12,1931,116,108,128,127
11674,Thursday,17,12,1931,116,108,127,125
11675,Friday,18,12,1931,116,108,127,125
11676,Saturday,19,12,1931,116,108,127,125
11677,Sunday,20,12,1931,116,108,126,124
11678,Monday,21,12,1931,116,108,126,124
11679,Tuesday,22,12,1931,116,108,126,124
11680,Wednesday,23,12,1931,116,108,124,122
11681,Thursday,24,12,1931,116,108,124,122
11682,Friday,25,12,1931,116,108,123,121
11683,Saturday,26,12,1931,116,108,123,121
11684,Sunday,27,12,1931,116,108,122,120
11685,Monday,28,12,1931,116,108,122,120
11686,Tuesday,29,12,1931,116,108,122,120
11687,Wednesday,30,12,1931,116,108,120,118
11688,Thursday,31,12,1931,116,108,120,118
11689,Friday,1,1,1932,116,108,120,118
11690,Saturday,2,1,1932,116,108,120,118
11691,Sunday,3,1,1932,116,108,121,118
11692,Monday,4,1,1932,116,108,121,118
11693,Tuesday,5,1,1932,116,108,120,116
11694,Wednesday,6,1,1932,116,108,120,116
11695,Thursday,7,1,1932,115,107,120,116
11696,Friday,8,1,1932,115,107,120,116
11697,Saturday,9,1,1932,115,107,120,115
11698,Sunday,10,1,1932,115,107,120,115
11699,Monday,11,1,1932,115,107,120,115
11700,Tuesday,12,1,1932,114,107,120,115
11701,Wednesday,13,1,1932,114,107,120,115
11702,Thursday,14,1,1932,114,107,120,115
11703,Friday,15,1,1932,114,107,120,115
11704,Saturday,16,1,1932,114,107,120,115
11705,Sunday,17,1,1932,114,107,120,115
11706,Monday,18,1,1932,114,107,120,115
11707,Tuesday,19,1,1932,114,107,120,115
11708,Wednesday,20,1,1932,114,107,120,115
11709,Thursday,21,1,1932,114,107,120,115
11710,Friday,22,1,1932,114,107,120,115
11711,Saturday,23,1,1932,114,107,120,115
11712,Sunday,24,1,1932,114,107,120,115
11713,Monday,25,1,1932,114,107,120,115
11714,Tuesday,26,1,1932,114,107,120,115
11715,Wednesday,27,1,1932,114,107,120,115
11716,Thursday,28,1,1932,114,107,120,115
11717,Friday,29,1,1932,114,107,120,115
11718,Saturday,30,1,1932,114,107,120,115
11719,Sunday,31,1,1932,114,107,120,115
11720,Monday,1,2,1932,114,107,120,115
11721,Tuesday,2,2,1932,114,107,120,115
11722,Wednesday,3,2,1932,114,107,120,115
11723,Thursday,4,2,1932,114,107,120,115
11724,Friday,5,2,1932,114,107,120,115
11725,Saturday,6,2,1932,114,107,120,115
11726,Sunday,7,2,1932,114,107,120,115
11727,Monday,8,2,1932,114,107,120,115
11728,Tuesday,9,2,1932,114,107,120,115
11729,Wednesday,10,2,1932,114,107,120,115
11730,Thursday,11,2,1932,114,107,120,115
11731,Friday,12,2,1932,114,107,120,115
11732,Saturday,13,2,1932,114,108,120,115
11733,Sunday,14,2,1932,114,108,120,115
11734,Monday,15,2,1932,114,108,120,115
11735,Tuesday,16,2,1932,114,108,120,116
11736,Wednesday,17,2,1932,114,108,120,116
11737,Thursday,18,2,1932,114,108,120,116
11738,Friday,19,2,1932,114,108,120,116
11739,Saturday,20,2,1932,114,108,120,116
11740,Sunday,21,2,1932,114,108,120,116
11741,Monday,22,2,1932,114,108,120,116
11742,Tuesday,23,2,1932,114,108,120,116
11743,Wednesday,24,2,1932,114,108,120,116
11744,Thursday,25,2,1932,114,108,120,116
11745,Friday,26,2,1932,114,108,120,116
11746,Saturday,27,2,1932,114,108,120,116
11747,Sunday,28,2,1932,114,109,120,117
11748,Monday,29,2,1932,114,109,120,117
11749,Tuesday,1,3,1932,114,109,120,117
11750,Wednesday,2,3,1932,114,109,120,117
11751,Thursday,3,3,1932,114,109,120,117
11752,Friday,4,3,1932,114,109,120,117
11753,Saturday,5,3,1932,114,109,120,117
11754,Sunday,6,3,1932,114,109,120,117
11755,Monday,7,3,1932,114,109,120,117
11756,Tuesday,8,3,1932,114,109,120,117
11757,Wednesday,9,3,1932,114,109,120,117
11758,Thursday,10,3,1932,114,109,120,117
11759,Friday,11,3,1932,114,108,120,117
11760,Saturday,12,3,1932,114,108,120,117
11761,Sunday,13,3,1932,114,108,120,118
11762,Monday,14,3,1932,114,108,120,118
11763,Tuesday,15,3,1932,114,108,120,118
11764,Wednesday,16,3,1932,114,108,120,119
11765,Thursday,17,3,1932,114,108,120,119
11766,Friday,18,3,1932,114,108,120,119
11767,Saturday,19,3,1932,114,108,120,119
11768,Sunday,20,3,1932,114,108,120,119
11769,Monday,21,3,1932,114,108,120,119
11770,Tuesday,22,3,1932,114,108,120,119
11771,Wednesday,23,3,1932,114,108,120,119
11772,Thursday,24,3,1932,114,108,120,119
11773,Friday,25,3,1932,114,108,120,119
11774,Saturday,26,3,1932,114,108,120,119
11775,Sunday,27,3,1932,114,108,120,119
11776,Monday,28,3,1932,114,108,120,119
11777,Tuesday,29,3,1932,114,109,120,119
11778,Wednesday,30,3,1932,114,109,120,119
11779,Thursday,31,3,1932,114,109,120,119
11780,Friday,1,4,1932,114,109,120,119
11781,Saturday,2,4,1932,114,109,120,119
11782,Sunday,3,4,1932,114,109,120,119
11783,Monday,4,4,1932,114,109,120,119
11784,Tuesday,5,4,1932,114,109,120,119
11785,Wednesday,6,4,1932,114,109,120,119
11786,Thursday,7,4,1932,114,109,120,119
11787,Friday,8,4,1932,114,109,120,119
11788,Saturday,9,4,1932,114,109,120,119
11789,Sunday,10,4,1932,114,109,120,119
11790,Monday,11,4,1932,114,109,120,119
11791,Tuesday,12,4,1932,114,109,120,119
11792,Wednesday,13,4,1932,114,109,120,119
11793,Thursday,14,4,1932,114,109,120,119
11794,Friday,15,4,1932,114,109,120,119
11795,Saturday,16,4,1932,114,109,120,119
11796,Sunday,17,4,1932,114,109,120,119
11797,Monday,18,4,1932,114,109,120,119
11798,Tuesday,19,4,1932,114,109,120,119
11799,Wednesday,20,4,1932,114,109,120,119
11800,Thursday,21,4,1932,114,109,120,119
11801,Friday,22,4,1932,114,109,120,119
11802,Saturday,23,4,1932,114,109,120,119
11803,Sunday,24,4,1932,114,109,120,119
11804,Monday,25,4,1932,114,109,120,119
11805,Tuesday,26,4,1932,114,109,120,119
11806,Wednesday,27,4,1932,114,109,120,119
11807,Thursday,28,4,1932,114,109,120,119
11808,Friday,29,4,1932,114,109,120,119
11809,Saturday,30,4,1932,114,109,120,119
11810,Sunday,1,5,1932,114,109,120,119
11811,Monday,2,5,1932,114,109,120,119
11812,Tuesday,3,5,1932,114,109,120,119
11813,Wednesday,4,5,1932,114,109,120,119
11814,Thursday,5,5,1932,114,109,120,119
11815,Friday,6,5,1932,114,109,120,119
11816,Saturday,7,5,1932,114,109,120,119
11817,Sunday,8,5,1932,114,109,120,119
11818,Monday,9,5,1932,114,109,120,119
11819,Tuesday,10,5,1932,114,109,120,119
11820,Wednesday,11,5,1932,114,110,120,119
11821,Thursday,12,5,1932,114,110,120,119
11822,Friday,13,5,1932,114,110,120,119
11823,Saturday,14,5,1932,114,110,120,119
11824,Sunday,15,5,1932,114,110,120,119
11825,Monday,16,5,1932,114,110,120,119
11826,Tuesday,17,5,1932,114,110,120,119
11827,Wednesday,18,5,1932,114,110,120,119
11828,Thursday,19,5,1932,114,110,120,119
11829,Friday,20,5,1932,114,110,120,119
11830,Saturday,21,5,1932,114,110,120,119
11831,Sunday,22,5,1932,115,111,120,119
11832,Monday,23,5,1932,115,111,120,119
11833,Tuesday,24,5,1932,115,111,120,119
11834,Wednesday,25,5,1932,115,111,120,119
11835,Thursday,26,5,1932,115,111,120,118
11836,Friday,27,5,1932,115,111,120,118
11837,Saturday,28,5,1932,115,111,120,118
11838,Sunday,29,5,1932,115,111,120,118
11839,Monday,30,5,1932,115,111,120,118
11840,Tuesday,31,5,1932,115,111,120,118
11841,Wednesday,1,6,1932,115,111,120,118
11842,Thursday,2,6,1932,115,112,120,118
11843,Friday,3,6,1932,114,111,120,118
11844,Saturday,4,6,1932,114,111,120,118
11845,Sunday,5,6,1932,114,111,120,118
11846,Monday,6,6,1932,114,111,120,118
11847,Tuesday,7,6,1932,113,110,120,118
11848,Wednesday,8,6,1932,113,111,120,118
11849,Thursday,9,6,1932,113,111,120,118
11850,Friday,10,6,1932,113,111,120,118
11851,Saturday,11,6,1932,113,111,120,118
11852,Sunday,12,6,1932,113,111,120,118
11853,Monday,13,6,1932,113,111,120,118
11854,Tuesday,14,6,1932,113,111,120,118
11855,Wednesday,15,6,1932,113,111,120,118
11856,Thursday,16,6,1932,113,111,120,118
11857,Friday,17,6,1932,113,111,120,118
11858,Saturday,18,6,1932,113,111,120,118
11859,Sunday,19,6,1932,113,111,120,118
11860,Monday,20,6,1932,113,111,120,118
11861,Tuesday,21,6,1932,113,111,120,118
11862,Wednesday,22,6,1932,113,111,120,118
11863,Thursday,23,6,1932,113,111,120,118
11864,Friday,24,6,1932,113,111,120,118
11865,Saturday,25,6,1932,113,111,120,118
11866,Sunday,26,6,1932,113,111,120,118
11867,Monday,27,6,1932,113,111,120,118
11868,Tuesday,28,6,1932,113,111,120,118
11869,Wednesday,29,6,1932,113,111,120,118
11870,Thursday,30,6,1932,113,111,120,118
11871,Friday,1,7,1932,113,111,120,118
11872,Saturday,2,7,1932,113,111,121,119
11873,Sunday,3,7,1932,113,111,121,119
11874,Monday,4,7,1932,113,111,121,119
11875,Tuesday,5,7,1932,113,111,121,119
11876,Wednesday,6,7,1932,112,110,121,119
11877,Thursday,7,7,1932,112,110,121,119
11878,Friday,8,7,1932,112,110,121,119
11879,Saturday,9,7,1932,112,110,121,119
11880,Sunday,10,7,1932,112,110,121,119
11881,Monday,11,7,1932,112,110,121,119
11882,Tuesday,12,7,1932,112,110,121,119
11883,Wednesday,13,7,1932,112,110,121,119
11884,Thursday,14,7,1932,112,110,121,119
11885,Friday,15,7,1932,112,110,121,119
11886,Saturday,16,7,1932,112,110,121,119
11887,Sunday,17,7,1932,112,110,121,119
11888,Monday,18,7,1932,112,110,121,119
11889,Tuesday,19,7,1932,112,110,121,119
11890,Wednesday,20,7,1932,112,110,121,119
11891,Thursday,21,7,1932,112,110,121,119
11892,Friday,22,7,1932,112,110,121,119
11893,Saturday,23,7,1932,112,110,121,119
11894,Sunday,24,7,1932,112,110,121,119
11895,Monday,25,7,1932,112,110,121,119
11896,Tuesday,26,7,1932,112,110,121,119
11897,Wednesday,27,7,1932,112,110,121,119
11898,Thursday,28,7,1932,112,110,121,119
11899,Friday,29,7,1932,112,110,121,119
11900,Saturday,30,7,1932,112,110,121,119
11901,Sunday,31,7,1932,112,110,121,119
11902,Monday,1,8,1932,112,110,121,119
11903,Tuesday,2,8,1932,112,110,121,119
11904,Wednesday,3,8,1932,112,110,121,119
11905,Thursday,4,8,1932,112,110,121,119
11906,Friday,5,8,1932,112,110,121,119
11907,Saturday,6,8,1932,112,110,121,119
11908,Sunday,7,8,1932,112,110,121,119
11909,Monday,8,8,1932,112,110,121,119
11910,Tuesday,9,8,1932,112,110,121,119
11911,Wednesday,10,8,1932,112,110,121,119
11912,Thursday,11,8,1932,112,110,121,119
11913,Friday,12,8,1932,112,110,121,119
11914,Saturday,13,8,1932,112,110,121,119
11915,Sunday,14,8,1932,112,110,121,119
11916,Monday,15,8,1932,112,110,121,119
11917,Tuesday,16,8,1932,112,110,121,119
11918,Wednesday,17,8,1932,112,110,121,119
11919,Thursday,18,8,1932,112,110,121,119
11920,Friday,19,8,1932,112,110,121,119
11921,Saturday,20,8,1932,112,110,121,119
11922,Sunday,21,8,1932,112,110,121,119
11923,Monday,22,8,1932,112,110,121,119
11924,Tuesday,23,8,1932,112,110,121,119
11925,Wednesday,24,8,1932,112,110,121,119
11926,Thursday,25,8,1932,112,110,121,119
11927,Friday,26,8,1932,112,110,121,119
11928,Saturday,27,8,1932,112,110,121,119
11929,Sunday,28,8,1932,112,110,121,119
11930,Monday,29,8,1932,112,110,121,119
11931,Tuesday,30,8,1932,112,110,121,119
11932,Wednesday,31,8,1932,112,110,121,119
11933,Thursday,1,9,1932,112,110,121,119
11934,Friday,2,9,1932,112,110,121,119
11935,Saturday,3,9,1932,112,110,121,119
11936,Sunday,4,9,1932,112,110,121,119
11937,Monday,5,9,1932,112,110,121,119
11938,Tuesday,6,9,1932,112,110,121,119
11939,Wednesday,7,9,1932,112,110,121,119
11940,Thursday,8,9,1932,112,110,121,119
11941,Friday,9,9,1932,112,110,121,119
11942,Saturday,10,9,1932,112,110,121,119
11943,Sunday,11,9,1932,112,110,121,119
11944,Monday,12,9,1932,112,110,121,119
11945,Tuesday,13,9,1932,112,110,121,119
11946,Wednesday,14,9,1932,112,110,121,119
11947,Thursday,15,9,1932,112,110,121,119
11948,Friday,16,9,1932,112,110,121,119
11949,Saturday,17,9,1932,112,110,121,119
11950,Sunday,18,9,1932,112,110,121,119
11951,Monday,19,9,1932,112,110,121,119
11952,Tuesday,20,9,1932,112,110,121,119
11953,Wednesday,21,9,1932,112,110,121,119
11954,Thursday,22,9,1932,112,110,121,119
11955,Friday,23,9,1932,112,110,121,119
11956,Saturday,24,9,1932,112,110,121,119
11957,Sunday,25,9,1932,112,110,121,119
11958,Monday,26,9,1932,112,110,121,119
11959,Tuesday,27,9,1932,112,110,121,119
11960,Wednesday,28,9,1932,112,110,121,119
11961,Thursday,29,9,1932,112,110,121,119
11962,Friday,30,9,1932,112,110,121,119
11963,Saturday,1,10,1932,112,110,121,119
11964,Sunday,2,10,1932,112,110,121,119
11965,Monday,3,10,1932,112,110,121,119
11966,Tuesday,4,10,1932,112,110,121,119
11967,Wednesday,5,10,1932,112,110,121,119
11968,Thursday,6,10,1932,112,110,121,119
11969,Friday,7,10,1932,112,110,121,119
11970,Saturday,8,10,1932,112,110,121,119
11971,Sunday,9,10,1932,112,110,121,119
11972,Monday,10,10,1932,112,110,121,119
11973,Tuesday,11,10,1932,112,110,121,119
11974,Wednesday,12,10,1932,112,110,121,119
11975,Thursday,13,10,1932,112,110,121,119
11976,Friday,14,10,1932,112,110,121,119
11977,Saturday,15,10,1932,112,110,121,119
11978,Sunday,16,10,1932,112,110,121,119
11979,Monday,17,10,1932,112,110,121,119
11980,Tuesday,18,10,1932,112,110,121,119
11981,Wednesday,19,10,1932,112,110,121,119
11982,Thursday,20,10,1932,112,110,121,119
11983,Friday,21,10,1932,112,110,121,119
11984,Saturday,22,10,1932,112,110,121,119
11985,Sunday,23,10,1932,112,110,121,119
11986,Monday,24,10,1932,112,110,121,119
11987,Tuesday,25,10,1932,112,110,121,119
11988,Wednesday,26,10,1932,112,110,121,119
11989,Thursday,27,10,1932,112,110,121,119
11990,Friday,28,10,1932,112,110,121,119
11991,Saturday,29,10,1932,112,110,121,119
11992,Sunday,30,10,1932,112,110,121,119
11993,Monday,31,10,1932,112,110,121,119
11994,Tuesday,1,11,1932,112,110,120,118
11995,Wednesday,2,11,1932,112,110,120,118
11996,Thursday,3,11,1932,112,110,120,118
11997,Friday,4,11,1932,112,110,120,118
11998,Saturday,5,11,1932,112,110,120,118
11999,Sunday,6,11,1932,112,110,120,118
12000,Monday,7,11,1932,112,110,120,118
12001,Tuesday,8,11,1932,112,110,120,118
12002,Wednesday,9,11,1932,112,110,120,118
12003,Thursday,10,11,1932,112,110,120,118
12004,Friday,11,11,1932,112,110,120,118
12005,Saturday,12,11,1932,112,110,120,118
12006,Sunday,13,11,1932,112,110,120,118
12007,Monday,14,11,1932,112,110,120,118
12008,Tuesday,15,11,1932,112,110,120,118
12009,Wednesday,16,11,1932,112,110,120,118
12010,Thursday,17,11,1932,112,110,120,118
12011,Friday,18,11,1932,112,110,120,118
12012,Saturday,19,11,1932,112,110,120,118
12013,Sunday,20,11,1932,112,110,120,119
12014,Monday,21,11,1932,112,110,120,119
12015,Tuesday,22,11,1932,112,110,120,119
12016,Wednesday,23,11,1932,112,110,121,120
12017,Thursday,24,11,1932,112,110,121,120
12018,Friday,25,11,1932,112,110,121,120
12019,Saturday,26,11,1932,112,110,121,120
12020,Sunday,27,11,1932,112,110,121,120
12021,Monday,28,11,1932,112,110,121,120
12022,Tuesday,29,11,1932,112,110,121,120
12023,Wednesday,30,11,1932,112,110,121,120
12024,Thursday,1,12,1932,112,110,121,120
12025,Friday,2,12,1932,112,110,121,120
12026,Saturday,3,12,1932,112,110,121,120
12027,Sunday,4,12,1932,112,110,121,120
12028,Monday,5,12,1932,112,110,121,120
12029,Tuesday,6,12,1932,112,110,121,120
12030,Wednesday,7,12,1932,112,110,121,120
12031,Thursday,8,12,1932,112,110,121,120
12032,Friday,9,12,1932,112,110,121,120
12033,Saturday,10,12,1932,112,110,121,120
12034,Sunday,11,12,1932,112,110,121,120
12035,Monday,12,12,1932,112,110,121,120
12036,Tuesday,13,12,1932,112,110,121,120
12037,Wednesday,14,12,1932,112,110,121,120
12038,Thursday,15,12,1932,112,110,121,120
12039,Friday,16,12,1932,112,110,121,120
12040,Saturday,17,12,1932,112,110,121,120
12041,Sunday,18,12,1932,112,110,121,120
12042,Monday,19,12,1932,112,110,121,120
12043,Tuesday,20,12,1932,112,110,121,120
12044,Wednesday,21,12,1932,112,110,121,120
12045,Thursday,22,12,1932,112,110,121,120
12046,Friday,23,12,1932,112,110,121,120
12047,Saturday,24,12,1932,112,110,120,119
12048,Sunday,25,12,1932,112,110,120,119
12049,Monday,26,12,1932,112,110,120,119
12050,Tuesday,27,12,1932,112,110,120,119
12051,Wednesday,28,12,1932,112,110,120,119
12052,Thursday,29,12,1932,112,110,120,119
12053,Friday,30,12,1932,112,110,120,119
12054,Saturday,31,12,1932,112,110,120,119
12055,Sunday,1,1,1933,112,110,119,118
12056,Monday,2,1,1933,112,110,119,118
12057,Tuesday,3,1,1933,112,110,119,118
12058,Wednesday,4,1,1933,112,110,119,118
12059,Thursday,5,1,1933,112,110,119,118
12060,Friday,6,1,1933,112,110,119,118
12061,Saturday,7,1,1933,112,110,119,118
12062,Sunday,8,1,1933,112,110,119,118
12063,Monday,9,1,1933,112,110,119,118
12064,Tuesday,10,1,1933,112,110,118,117
12065,Wednesday,11,1,1933,112,110,118,117
12066,Thursday,12,1,1933,112,110,118,117
12067,Friday,13,1,1933,111,109,118,117
12068,Saturday,14,1,1933,111,109,118,117
12069,Sunday,15,1,1933,111,109,118,117
12070,Monday,16,1,1933,111,109,118,117
12071,Tuesday,17,1,1933,111,109,118,117
12072,Wednesday,18,1,1933,111,109,118,117
12073,Thursday,19,1,1933,111,109,118,117
12074,Friday,20,1,1933,111,109,118,117
12075,Saturday,21,1,1933,111,109,118,117
12076,Sunday,22,1,1933,111,109,118,117
12077,Monday,23,1,1933,111,109,118,117
12078,Tuesday,24,1,1933,111,109,118,117
12079,Wednesday,25,1,1933,111,109,118,117
12080,Thursday,26,1,1933,111,109,118,117
12081,Friday,27,1,1933,111,109,117,116
12082,Saturday,28,1,1933,111,109,117,116
12083,Sunday,29,1,1933,111,109,117,116
12084,Monday,30,1,1933,111,109,117,116
12085,Tuesday,31,1,1933,111,109,117,116
12086,Wednesday,1,2,1933,111,109,117,116
12087,Thursday,2,2,1933,111,109,117,116
12088,Friday,3,2,1933,111,109,117,116
12089,Saturday,4,2,1933,111,109,117,116
12090,Sunday,5,2,1933,111,109,117,116
12091,Monday,6,2,1933,111,109,117,116
12092,Tuesday,7,2,1933,111,109,117,116
12093,Wednesday,8,2,1933,110,108,117,116
12094,Thursday,9,2,1933,110,108,117,116
12095,Friday,10,2,1933,110,108,117,116
12096,Saturday,11,2,1933,110,108,115,114
12097,Sunday,12,2,1933,110,108,115,114
12098,Monday,13,2,1933,110,108,115,114
12099,Tuesday,14,2,1933,110,108,115,114
12100,Wednesday,15,2,1933,110,108,115,114
12101,Thursday,16,2,1933,110,108,113,112
12102,Friday,17,2,1933,110,108,113,112
12103,Saturday,18,2,1933,110,108,113,112
12104,Sunday,19,2,1933,109,107,113,112
12105,Monday,20,2,1933,109,107,113,112
12106,Tuesday,21,2,1933,109,107,113,112
12107,Wednesday,22,2,1933,109,107,113,112
12108,Thursday,23,2,1933,109,107,113,112
12109,Friday,24,2,1933,109,107,113,112
12110,Saturday,25,2,1933,109,107,113,112
12111,Sunday,26,2,1933,109,107,113,112
12112,Monday,27,2,1933,109,107,113,112
12113,Tuesday,28,2,1933,109,107,113,112
12114,Wednesday,1,3,1933,109,107,113,112
12115,Thursday,2,3,1933,109,107,113,112
12116,Friday,3,3,1933,109,107,113,112
12117,Saturday,4,3,1933,109,107,113,112
12118,Sunday,5,3,1933,109,107,113,112
12119,Monday,6,3,1933,109,107,113,112
12120,Tuesday,7,3,1933,109,107,112,111
12121,Wednesday,8,3,1933,109,107,112,111
12122,Thursday,9,3,1933,109,107,112,111
12123,Friday,10,3,1933,109,107,112,111
12124,Saturday,11,3,1933,109,107,112,111
12125,Sunday,12,3,1933,109,107,112,111
12126,Monday,13,3,1933,109,107,112,111
12127,Tuesday,14,3,1933,109,107,112,111
12128,Wednesday,15,3,1933,109,107,112,111
12129,Thursday,16,3,1933,109,107,112,111
12130,Friday,17,3,1933,109,107,112,111
12131,Saturday,18,3,1933,109,107,112,111
12132,Sunday,19,3,1933,108,106,112,111
12133,Monday,20,3,1933,108,106,112,111
12134,Tuesday,21,3,1933,108,106,112,111
12135,Wednesday,22,3,1933,108,106,112,111
12136,Thursday,23,3,1933,108,106,112,111
12137,Friday,24,3,1933,108,106,112,111
12138,Saturday,25,3,1933,108,106,112,111
12139,Sunday,26,3,1933,107,105,112,111
12140,Monday,27,3,1933,107,105,112,111
12141,Tuesday,28,3,1933,107,105,112,111
12142,Wednesday,29,3,1933,107,105,112,111
12143,Thursday,30,3,1933,107,105,112,111
12144,Friday,31,3,1933,107,105,112,111
12145,Saturday,1,4,1933,107,105,112,111
12146,Sunday,2,4,1933,107,105,112,111
12147,Monday,3,4,1933,107,105,112,111
12148,Tuesday,4,4,1933,107,105,112,111
12149,Wednesday,5,4,1933,106,104,112,111
12150,Thursday,6,4,1933,106,104,112,111
12151,Friday,7,4,1933,106,104,112,111
12152,Saturday,8,4,1933,106,104,112,111
12153,Sunday,9,4,1933,106,104,112,111
12154,Monday,10,4,1933,106,104,112,111
12155,Tuesday,11,4,1933,106,104,112,111
12156,Wednesday,12,4,1933,106,104,112,111
12157,Thursday,13,4,1933,106,104,112,111
12158,Friday,14,4,1933,106,104,112,111
12159,Saturday,15,4,1933,106,104,112,111
12160,Sunday,16,4,1933,106,104,112,111
12161,Monday,17,4,1933,106,104,112,111
12162,Tuesday,18,4,1933,106,104,112,111
12163,Wednesday,19,4,1933,106,104,112,111
12164,Thursday,20,4,1933,106,104,112,111
12165,Friday,21,4,1933,106,104,112,111
12166,Saturday,22,4,1933,106,104,112,111
12167,Sunday,23,4,1933,106,104,111,110
12168,Monday,24,4,1933,106,104,111,110
12169,Tuesday,25,4,1933,106,104,111,110
12170,Wednesday,26,4,1933,106,104,111,110
12171,Thursday,27,4,1933,106,104,111,110
12172,Friday,28,4,1933,106,104,111,110
12173,Saturday,29,4,1933,106,104,111,110
12174,Sunday,30,4,1933,105,103,111,110
12175,Monday,1,5,1933,105,103,111,110
12176,Tuesday,2,5,1933,105,103,111,110
12177,Wednesday,3,5,1933,105,103,111,110
12178,Thursday,4,5,1933,105,103,111,110
12179,Friday,5,5,1933,105,103,111,110
12180,Saturday,6,5,1933,105,103,111,110
12181,Sunday,7,5,1933,105,103,111,110
12182,Monday,8,5,1933,105,103,111,110
12183,Tuesday,9,5,1933,105,103,111,110
12184,Wednesday,10,5,1933,105,103,111,110
12185,Thursday,11,5,1933,105,103,111,110
12186,Friday,12,5,1933,105,103,111,110
12187,Saturday,13,5,1933,105,103,111,110
12188,Sunday,14,5,1933,105,103,111,110
12189,Monday,15,5,1933,105,103,111,110
12190,Tuesday,16,5,1933,105,103,111,110
12191,Wednesday,17,5,1933,105,103,111,110
12192,Thursday,18,5,1933,105,103,111,110
12193,Friday,19,5,1933,105,103,111,110
12194,Saturday,20,5,1933,104,102,111,110
12195,Sunday,21,5,1933,104,102,111,110
12196,Monday,22,5,1933,104,102,111,110
12197,Tuesday,23,5,1933,104,102,111,110
12198,Wednesday,24,5,1933,104,102,111,110
12199,Thursday,25,5,1933,104,102,111,110
12200,Friday,26,5,1933,104,102,111,110
12201,Saturday,27,5,1933,104,102,111,110
12202,Sunday,28,5,1933,104,102,111,110
12203,Monday,29,5,1933,104,102,111,110
12204,Tuesday,30,5,1933,104,102,111,110
12205,Wednesday,31,5,1933,104,102,111,110
12206,Thursday,1,6,1933,104,102,111,110
12207,Friday,2,6,1933,104,102,111,110
12208,Saturday,3,6,1933,104,102,111,110
12209,Sunday,4,6,1933,104,102,111,110
12210,Monday,5,6,1933,104,102,111,110
12211,Tuesday,6,6,1933,104,102,111,110
12212,Wednesday,7,6,1933,104,102,111,110
12213,Thursday,8,6,1933,104,102,111,110
12214,Friday,9,6,1933,104,102,111,110
12215,Saturday,10,6,1933,104,102,111,110
12216,Sunday,11,6,1933,104,102,111,110
12217,Monday,12,6,1933,104,102,111,110
12218,Tuesday,13,6,1933,104,102,111,110
12219,Wednesday,14,6,1933,104,102,111,110
12220,Thursday,15,6,1933,104,102,111,110
12221,Friday,16,6,1933,104,102,111,110
12222,Saturday,17,6,1933,104,102,111,110
12223,Sunday,18,6,1933,103,101,111,110
12224,Monday,19,6,1933,103,101,111,110
12225,Tuesday,20,6,1933,103,101,111,110
12226,Wednesday,21,6,1933,103,101,111,110
12227,Thursday,22,6,1933,102,100,111,110
12228,Friday,23,6,1933,102,100,111,110
12229,Saturday,24,6,1933,102,100,111,110
12230,Sunday,25,6,1933,102,100,111,110
12231,Monday,26,6,1933,102,100,111,110
12232,Tuesday,27,6,1933,102,100,111,110
12233,Wednesday,28,6,1933,102,100,111,110
12234,Thursday,29,6,1933,102,100,111,110
12235,Friday,30,6,1933,102,100,111,110
12236,Saturday,1,7,1933,102,100,111,110
12237,Sunday,2,7,1933,102,100,111,110
12238,Monday,3,7,1933,102,100,111,110
12239,Tuesday,4,7,1933,102,100,111,110
12240,Wednesday,5,7,1933,102,100,111,110
12241,Thursday,6,7,1933,102,100,111,110
12242,Friday,7,7,1933,102,100,111,110
12243,Saturday,8,7,1933,102,100,111,110
12244,Sunday,9,7,1933,102,100,111,110
12245,Monday,10,7,1933,102,100,111,110
12246,Tuesday,11,7,1933,102,100,111,110
12247,Wednesday,12,7,1933,102,100,111,110
12248,Thursday,13,7,1933,102,100,111,110
12249,Friday,14,7,1933,102,100,111,110
12250,Saturday,15,7,1933,102,100,111,110
12251,Sunday,16,7,1933,102,100,111,110
12252,Monday,17,7,1933,102,100,111,110
12253,Tuesday,18,7,1933,102,100,111,110
12254,Wednesday,19,7,1933,102,100,111,110
12255,Thursday,20,7,1933,102,100,111,110
12256,Friday,21,7,1933,102,100,111,110
12257,Saturday,22,7,1933,102,100,111,110
12258,Sunday,23,7,1933,102,100,111,110
12259,Monday,24,7,1933,102,100,111,110
12260,Tuesday,25,7,1933,102,100,111,110
12261,Wednesday,26,7,1933,102,100,111,110
12262,Thursday,27,7,1933,102,100,111,110
12263,Friday,28,7,1933,102,100,111,110
12264,Saturday,29,7,1933,102,100,111,110
12265,Sunday,30,7,1933,102,100,111,110
12266,Monday,31,7,1933,102,100,111,110
12267,Tuesday,1,8,1933,102,100,111,110
12268,Wednesday,2,8,1933,102,100,111,110
12269,Thursday,3,8,1933,102,100,111,110
12270,Friday,4,8,1933,102,100,111,110
12271,Saturday,5,8,1933,102,100,111,110
12272,Sunday,6,8,1933,102,100,111,110
12273,Monday,7,8,1933,102,100,111,110
12274,Tuesday,8,8,1933,102,100,111,110
12275,Wednesday,9,8,1933,102,100,111,110
12276,Thursday,10,8,1933,102,100,111,110
12277,Friday,11,8,1933,102,100,111,110
12278,Saturday,12,8,1933,102,100,111,110
12279,Sunday,13,8,1933,102,100,111,110
12280,Monday,14,8,1933,102,100,111,110
12281,Tuesday,15,8,1933,102,100,111,110
12282,Wednesday,16,8,1933,102,100,111,110
12283,Thursday,17,8,1933,102,100,111,110
12284,Friday,18,8,1933,102,100,111,110
12285,Saturday,19,8,1933,102,100,111,110
12286,Sunday,20,8,1933,102,100,111,110
12287,Monday,21,8,1933,102,100,111,110
12288,Tuesday,22,8,1933,102,100,111,110
12289,Wednesday,23,8,1933,102,100,111,110
12290,Thursday,24,8,1933,102,100,111,110
12291,Friday,25,8,1933,102,100,111,110
12292,Saturday,26,8,1933,102,100,111,110
12293,Sunday,27,8,1933,102,100,111,110
12294,Monday,28,8,1933,102,100,111,110
12295,Tuesday,29,8,1933,102,100,111,110
12296,Wednesday,30,8,1933,102,100,111,110
12297,Thursday,31,8,1933,102,100,111,110
12298,Friday,1,9,1933,102,100,111,110
12299,Saturday,2,9,1933,102,100,111,110
12300,Sunday,3,9,1933,102,100,111,110
12301,Monday,4,9,1933,102,100,111,110
12302,Tuesday,5,9,1933,102,100,111,110
12303,Wednesday,6,9,1933,102,100,111,110
12304,Thursday,7,9,1933,102,100,110,109
12305,Friday,8,9,1933,102,100,110,109
12306,Saturday,9,9,1933,102,100,110,109
12307,Sunday,10,9,1933,102,100,110,109
12308,Monday,11,9,1933,102,100,110,109
12309,Tuesday,12,9,1933,102,100,110,109
12310,Wednesday,13,9,1933,102,100,110,109
12311,Thursday,14,9,1933,102,100,110,109
12312,Friday,15,9,1933,102,100,110,109
12313,Saturday,16,9,1933,102,100,110,109
12314,Sunday,17,9,1933,102,100,110,109
12315,Monday,18,9,1933,102,100,110,109
12316,Tuesday,19,9,1933,102,100,110,109
12317,Wednesday,20,9,1933,102,100,110,109
12318,Thursday,21,9,1933,102,100,110,109
12319,Friday,22,9,1933,102,100,111,110
12320,Saturday,23,9,1933,102,100,111,110
12321,Sunday,24,9,1933,102,100,111,110
12322,Monday,25,9,1933,102,100,111,110
12323,Tuesday,26,9,1933,102,100,111,110
12324,Wednesday,27,9,1933,102,100,111,110
12325,Thursday,28,9,1933,102,100,111,110
12326,Friday,29,9,1933,102,100,111,110
12327,Saturday,30,9,1933,102,100,111,110
12328,Sunday,1,10,1933,102,100,111,110
12329,Monday,2,10,1933,102,100,111,110
12330,Tuesday,3,10,1933,102,100,111,110
12331,Wednesday,4,10,1933,102,100,111,110
12332,Thursday,5,10,1933,102,100,111,110
12333,Friday,6,10,1933,102,100,111,110
12334,Saturday,7,10,1933,102,100,111,110
12335,Sunday,8,10,1933,102,100,111,110
12336,Monday,9,10,1933,102,100,111,110
12337,Tuesday,10,10,1933,102,100,111,110
12338,Wednesday,11,10,1933,102,100,111,110
12339,Thursday,12,10,1933,102,100,111,110
12340,Friday,13,10,1933,102,100,111,110
12341,Saturday,14,10,1933,102,100,111,110
12342,Sunday,15,10,1933,102,100,111,110
12343,Monday,16,10,1933,102,100,111,110
12344,Tuesday,17,10,1933,102,100,111,110
12345,Wednesday,18,10,1933,102,100,111,110
12346,Thursday,19,10,1933,102,100,111,110
12347,Friday,20,10,1933,102,100,111,110
12348,Saturday,21,10,1933,102,100,111,110
12349,Sunday,22,10,1933,102,100,111,110
12350,Monday,23,10,1933,102,100,111,110
12351,Tuesday,24,10,1933,102,100,111,110
12352,Wednesday,25,10,1933,102,100,111,110
12353,Thursday,26,10,1933,102,100,111,110
12354,Friday,27,10,1933,102,100,111,110
12355,Saturday,28,10,1933,102,100,111,110
12356,Sunday,29,10,1933,102,100,111,110
12357,Monday,30,10,1933,102,100,111,110
12358,Tuesday,31,10,1933,102,100,111,110
12359,Wednesday,1,11,1933,102,100,111,110
12360,Thursday,2,11,1933,102,100,111,110
12361,Friday,3,11,1933,102,100,111,110
12362,Saturday,4,11,1933,102,100,111,110
12363,Sunday,5,11,1933,102,100,111,110
12364,Monday,6,11,1933,102,100,111,110
12365,Tuesday,7,11,1933,102,100,111,110
12366,Wednesday,8,11,1933,102,100,111,110
12367,Thursday,9,11,1933,102,100,111,110
12368,Friday,10,11,1933,102,100,111,110
12369,Saturday,11,11,1933,102,100,111,110
12370,Sunday,12,11,1933,102,100,111,110
12371,Monday,13,11,1933,102,100,111,110
12372,Tuesday,14,11,1933,102,100,111,110
12373,Wednesday,15,11,1933,102,100,111,110
12374,Thursday,16,11,1933,102,100,111,110
12375,Friday,17,11,1933,102,100,111,110
12376,Saturday,18,11,1933,102,100,111,110
12377,Sunday,19,11,1933,102,100,111,110
12378,Monday,20,11,1933,102,100,111,110
12379,Tuesday,21,11,1933,102,100,111,110
12380,Wednesday,22,11,1933,102,100,111,110
12381,Thursday,23,11,1933,102,100,111,110
12382,Friday,24,11,1933,102,100,111,110
12383,Saturday,25,11,1933,102,100,111,110
12384,Sunday,26,11,1933,102,100,111,110
12385,Monday,27,11,1933,102,100,111,110
12386,Tuesday,28,11,1933,102,100,111,110
12387,Wednesday,29,11,1933,102,100,111,110
12388,Thursday,30,11,1933,102,101,111,110
12389,Friday,1,12,1933,102,101,111,110
12390,Saturday,2,12,1933,102,101,111,110
12391,Sunday,3,12,1933,102,101,111,110
12392,Monday,4,12,1933,102,101,111,110
12393,Tuesday,5,12,1933,102,101,111,110
12394,Wednesday,6,12,1933,102,102,111,110
12395,Thursday,7,12,1933,102,102,111,110
12396,Friday,8,12,1933,102,102,111,110
12397,Saturday,9,12,1933,102,102,111,110
12398,Sunday,10,12,1933,102,102,111,110
12399,Monday,11,12,1933,102,102,111,110
12400,Tuesday,12,12,1933,102,102,111,110
12401,Wednesday,13,12,1933,102,102,111,110
12402,Thursday,14,12,1933,102,102,111,110
12403,Friday,15,12,1933,102,102,111,110
12404,Saturday,16,12,1933,102,102,111,110
12405,Sunday,17,12,1933,102,102,111,110
12406,Monday,18,12,1933,102,102,111,110
12407,Tuesday,19,12,1933,102,102,111,110
12408,Wednesday,20,12,1933,102,102,111,110
12409,Thursday,21,12,1933,102,102,111,110
12410,Friday,22,12,1933,102,102,111,110
12411,Saturday,23,12,1933,102,102,111,110
12412,Sunday,24,12,1933,102,102,111,110
12413,Monday,25,12,1933,102,102,111,110
12414,Tuesday,26,12,1933,102,102,111,110
12415,Wednesday,27,12,1933,102,102,111,110
12416,Thursday,28,12,1933,102,102,111,110
12417,Friday,29,12,1933,102,102,111,110
12418,Saturday,30,12,1933,102,102,111,110
12419,Sunday,31,12,1933,102,102,111,110
12420,Monday,1,1,1934,102,102,111,110
12421,Tuesday,2,1,1934,102,102,111,110
12422,Wednesday,3,1,1934,102,102,111,110
12423,Thursday,4,1,1934,102,102,111,110
12424,Friday,5,1,1934,102,102,111,110
12425,Saturday,6,1,1934,102,102,111,110
12426,Sunday,7,1,1934,102,102,111,110
12427,Monday,8,1,1934,102,102,111,110
12428,Tuesday,9,1,1934,102,102,111,110
12429,Wednesday,10,1,1934,102,102,111,110
12430,Thursday,11,1,1934,102,102,111,110
12431,Friday,12,1,1934,102,102,111,110
12432,Saturday,13,1,1934,102,102,110,109
12433,Sunday,14,1,1934,102,102,110,109
12434,Monday,15,1,1934,102,102,110,109
12435,Tuesday,16,1,1934,102,102,110,109
12436,Wednesday,17,1,1934,102,102,110,109
12437,Thursday,18,1,1934,102,102,110,109
12438,Friday,19,1,1934,102,102,110,109
12439,Saturday,20,1,1934,102,102,110,109
12440,Sunday,21,1,1934,102,102,110,109
12441,Monday,22,1,1934,102,102,110,109
12442,Tuesday,23,1,1934,102,102,110,109
12443,Wednesday,24,1,1934,102,102,110,109
12444,Thursday,25,1,1934,102,102,110,109
12445,Friday,26,1,1934,102,102,110,109
12446,Saturday,27,1,1934,102,102,110,109
12447,Sunday,28,1,1934,102,102,110,109
12448,Monday,29,1,1934,102,102,110,109
12449,Tuesday,30,1,1934,102,102,110,109
12450,Wednesday,31,1,1934,102,102,110,109
12451,Thursday,1,2,1934,102,102,110,109
12452,Friday,2,2,1934,102,102,110,109
12453,Saturday,3,2,1934,102,102,110,109
12454,Sunday,4,2,1934,102,102,110,109
12455,Monday,5,2,1934,102,102,110,109
12456,Tuesday,6,2,1934,102,102,110,109
12457,Wednesday,7,2,1934,102,102,110,109
12458,Thursday,8,2,1934,102,102,110,109
12459,Friday,9,2,1934,102,102,110,109
12460,Saturday,10,2,1934,102,102,110,109
12461,Sunday,11,2,1934,102,102,110,109
12462,Monday,12,2,1934,102,102,110,109
12463,Tuesday,13,2,1934,102,102,110,109
12464,Wednesday,14,2,1934,102,102,110,109
12465,Thursday,15,2,1934,102,102,110,109
12466,Friday,16,2,1934,102,102,110,109
12467,Saturday,17,2,1934,102,102,110,109
12468,Sunday,18,2,1934,102,102,110,109
12469,Monday,19,2,1934,102,102,110,109
12470,Tuesday,20,2,1934,102,102,110,109
12471,Wednesday,21,2,1934,102,102,110,109
12472,Thursday,22,2,1934,102,102,110,109
12473,Friday,23,2,1934,102,102,110,109
12474,Saturday,24,2,1934,102,102,110,109
12475,Sunday,25,2,1934,102,102,110,109
12476,Monday,26,2,1934,102,102,110,109
12477,Tuesday,27,2,1934,102,102,110,109
12478,Wednesday,28,2,1934,102,102,110,109
12479,Thursday,1,3,1934,102,102,110,109
12480,Friday,2,3,1934,102,102,110,109
12481,Saturday,3,3,1934,102,102,110,109
12482,Sunday,4,3,1934,102,102,110,109
12483,Monday,5,3,1934,102,102,110,109
12484,Tuesday,6,3,1934,102,102,110,109
12485,Wednesday,7,3,1934,102,102,110,109
12486,Thursday,8,3,1934,102,102,110,109
12487,Friday,9,3,1934,102,102,110,109
12488,Saturday,10,3,1934,102,102,110,109
12489,Sunday,11,3,1934,102,102,110,109
12490,Monday,12,3,1934,102,102,110,109
12491,Tuesday,13,3,1934,102,102,110,109
12492,Wednesday,14,3,1934,102,102,110,109
12493,Thursday,15,3,1934,102,102,110,109
12494,Friday,16,3,1934,102,102,110,109
12495,Saturday,17,3,1934,102,102,110,109
12496,Sunday,18,3,1934,102,102,110,109
12497,Monday,19,3,1934,102,102,110,109
12498,Tuesday,20,3,1934,102,102,110,109
12499,Wednesday,21,3,1934,102,102,110,109
12500,Thursday,22,3,1934,102,102,110,109
12501,Friday,23,3,1934,102,102,110,109
12502,Saturday,24,3,1934,102,102,110,109
12503,Sunday,25,3,1934,102,102,110,109
12504,Monday,26,3,1934,102,102,110,109
12505,Tuesday,27,3,1934,102,102,110,109
12506,Wednesday,28,3,1934,102,102,110,109
12507,Thursday,29,3,1934,102,102,110,109
12508,Friday,30,3,1934,102,102,110,109
12509,Saturday,31,3,1934,102,102,110,109
12510,Sunday,1,4,1934,102,102,110,109
12511,Monday,2,4,1934,102,102,110,109
12512,Tuesday,3,4,1934,102,102,110,109
12513,Wednesday,4,4,1934,102,102,110,109
12514,Thursday,5,4,1934,102,102,110,109
12515,Friday,6,4,1934,102,102,110,109
12516,Saturday,7,4,1934,102,102,110,109
12517,Sunday,8,4,1934,102,102,110,109
12518,Monday,9,4,1934,102,102,110,109
12519,Tuesday,10,4,1934,102,102,110,109
12520,Wednesday,11,4,1934,102,102,110,109
12521,Thursday,12,4,1934,102,102,110,109
12522,Friday,13,4,1934,102,102,110,109
12523,Saturday,14,4,1934,102,102,110,109
12524,Sunday,15,4,1934,102,102,110,109
12525,Monday,16,4,1934,102,102,110,109
12526,Tuesday,17,4,1934,102,102,110,109
12527,Wednesday,18,4,1934,102,102,110,109
12528,Thursday,19,4,1934,102,102,110,109
12529,Friday,20,4,1934,102,102,110,109
12530,Saturday,21,4,1934,102,102,110,109
12531,Sunday,22,4,1934,102,102,110,109
12532,Monday,23,4,1934,102,102,110,109
12533,Tuesday,24,4,1934,102,102,110,109
12534,Wednesday,25,4,1934,102,102,110,109
12535,Thursday,26,4,1934,102,102,110,109
12536,Friday,27,4,1934,102,102,110,109
12537,Saturday,28,4,1934,102,102,110,109
12538,Sunday,29,4,1934,102,102,110,109
12539,Monday,30,4,1934,102,102,110,109
12540,Tuesday,1,5,1934,102,102,110,109
12541,Wednesday,2,5,1934,102,102,110,109
12542,Thursday,3,5,1934,102,102,110,109
12543,Friday,4,5,1934,102,102,110,109
12544,Saturday,5,5,1934,102,102,110,109
12545,Sunday,6,5,1934,102,102,110,109
12546,Monday,7,5,1934,102,102,110,109
12547,Tuesday,8,5,1934,102,102,110,109
12548,Wednesday,9,5,1934,102,102,110,109
12549,Thursday,10,5,1934,102,102,110,109
12550,Friday,11,5,1934,102,102,110,109
12551,Saturday,12,5,1934,102,102,110,109
12552,Sunday,13,5,1934,102,102,110,109
12553,Monday,14,5,1934,102,102,110,109
12554,Tuesday,15,5,1934,102,102,110,109
12555,Wednesday,16,5,1934,102,102,110,109
12556,Thursday,17,5,1934,102,102,110,109
12557,Friday,18,5,1934,102,102,110,109
12558,Saturday,19,5,1934,102,102,110,109
12559,Sunday,20,5,1934,102,102,110,109
12560,Monday,21,5,1934,102,102,110,109
12561,Tuesday,22,5,1934,102,102,110,109
12562,Wednesday,23,5,1934,102,102,110,109
12563,Thursday,24,5,1934,102,102,110,109
12564,Friday,25,5,1934,102,102,110,109
12565,Saturday,26,5,1934,102,102,110,109
12566,Sunday,27,5,1934,102,102,110,109
12567,Monday,28,5,1934,102,102,110,109
12568,Tuesday,29,5,1934,102,102,110,109
12569,Wednesday,30,5,1934,102,102,110,109
12570,Thursday,31,5,1934,102,102,110,109
12571,Friday,1,6,1934,102,102,110,109
12572,Saturday,2,6,1934,102,102,110,109
12573,Sunday,3,6,1934,102,102,110,109
12574,Monday,4,6,1934,102,102,110,109
12575,Tuesday,5,6,1934,102,102,110,109
12576,Wednesday,6,6,1934,102,102,110,109
12577,Thursday,7,6,1934,102,102,110,109
12578,Friday,8,6,1934,102,102,110,109
12579,Saturday,9,6,1934,102,102,110,109
12580,Sunday,10,6,1934,102,102,110,109
12581,Monday,11,6,1934,102,102,110,109
12582,Tuesday,12,6,1934,102,102,110,109
12583,Wednesday,13,6,1934,102,102,110,109
12584,Thursday,14,6,1934,102,102,110,109
12585,Friday,15,6,1934,102,102,110,109
12586,Saturday,16,6,1934,102,102,110,109
12587,Sunday,17,6,1934,102,102,110,109
12588,Monday,18,6,1934,102,102,110,109
12589,Tuesday,19,6,1934,102,102,110,109
12590,Wednesday,20,6,1934,102,102,110,109
12591,Thursday,21,6,1934,102,102,110,109
12592,Friday,22,6,1934,102,102,110,109
12593,Saturday,23,6,1934,102,102,110,109
12594,Sunday,24,6,1934,102,102,110,109
12595,Monday,25,6,1934,102,102,110,109
12596,Tuesday,26,6,1934,102,102,110,109
12597,Wednesday,27,6,1934,102,102,110,109
12598,Thursday,28,6,1934,102,102,110,109
12599,Friday,29,6,1934,102,102,110,109
12600,Saturday,30,6,1934,102,102,110,109
12601,Sunday,1,7,1934,102,102,109,108
12602,Monday,2,7,1934,102,102,109,108
12603,Tuesday,3,7,1934,102,102,109,108
12604,Wednesday,4,7,1934,102,102,109,108
12605,Thursday,5,7,1934,102,102,109,108
12606,Friday,6,7,1934,102,102,109,108
12607,Saturday,7,7,1934,102,102,109,108
12608,Sunday,8,7,1934,102,102,109,108
12609,Monday,9,7,1934,102,102,109,108
12610,Tuesday,10,7,1934,102,102,109,108
12611,Wednesday,11,7,1934,102,102,109,108
12612,Thursday,12,7,1934,102,102,109,108
12613,Friday,13,7,1934,102,102,109,108
12614,Saturday,14,7,1934,102,102,109,108
12615,Sunday,15,7,1934,102,102,109,108
12616,Monday,16,7,1934,102,102,109,108
12617,Tuesday,17,7,1934,102,102,109,108
12618,Wednesday,18,7,1934,102,102,109,108
12619,Thursday,19,7,1934,102,102,109,108
12620,Friday,20,7,1934,102,103,109,108
12621,Saturday,21,7,1934,102,103,109,108
12622,Sunday,22,7,1934,102,103,109,108
12623,Monday,23,7,1934,102,103,109,108
12624,Tuesday,24,7,1934,102,103,109,108
12625,Wednesday,25,7,1934,102,103,109,108
12626,Thursday,26,7,1934,102,103,109,108
12627,Friday,27,7,1934,102,103,109,108
12628,Saturday,28,7,1934,102,103,109,108
12629,Sunday,29,7,1934,102,103,109,108
12630,Monday,30,7,1934,102,103,109,108
12631,Tuesday,31,7,1934,102,103,109,108
12632,Wednesday,1,8,1934,102,103,109,108
12633,Thursday,2,8,1934,102,103,109,108
12634,Friday,3,8,1934,102,103,109,108
12635,Saturday,4,8,1934,102,103,109,108
12636,Sunday,5,8,1934,102,103,109,108
12637,Monday,6,8,1934,102,103,109,108
12638,Tuesday,7,8,1934,102,103,109,108
12639,Wednesday,8,8,1934,102,103,109,108
12640,Thursday,9,8,1934,102,103,109,108
12641,Friday,10,8,1934,102,103,109,108
12642,Saturday,11,8,1934,102,103,109,108
12643,Sunday,12,8,1934,102,103,109,108
12644,Monday,13,8,1934,102,103,109,108
12645,Tuesday,14,8,1934,102,103,109,108
12646,Wednesday,15,8,1934,102,103,109,108
12647,Thursday,16,8,1934,102,103,109,108
12648,Friday,17,8,1934,102,103,109,108
12649,Saturday,18,8,1934,102,103,109,108
12650,Sunday,19,8,1934,102,103,109,108
12651,Monday,20,8,1934,102,103,109,108
12652,Tuesday,21,8,1934,102,103,109,109
