time,u1,u2,u3,u4,u5,u6,u7,u8,u9,u10,u11,u12,t1,t2,t3,t4
2019-01-06,5.056542063694036,2.9657873433453443,2.961985408243531,2.366367752663035,1.001006919441891,2.8697648855663016,1.9022704894824456,1.0329637548216957,4.158447884851078,2.060237130144774,3.848585149655541,2.795793782844532,3.017945612124932,2.6519786414613415,3.013979086224545,2.3592123285991136
2019-01-13,5.142779742197034,3.057509892587056,2.8859470644893754,2.39554538542039,0.9240809885708561,3.1585472621589537,1.8503901143460681,0.8334831715027888,4.121293008818943,1.9343239029874884,3.833499856170345,2.8903261935366085,2.914653106322808,2.4433048571653977,3.148597461384081,2.1434076314124937
2019-01-20,5.093812576089838,3.203047525871611,2.843206006852071,2.431114167275022,0.9738306886024114,3.1817456537220745,1.8023143696725636,1.1518215634728906,4.082244105695345,2.1370927569806177,3.8190312624753826,2.9205587791170955,3.00424827934589,2.5012779312853177,3.094650384049216,2.323577887449746
2019-01-27,5.212512729658162,3.1756682128805602,2.8973448962077177,2.1389797719805896,0.7521846913232502,3.1353383753468784,1.9738276250406273,1.0894031858042221,4.096773511908966,2.1091090100275767,3.8679045411668547,2.811436534618144,3.0226467056508692,2.496051992717183,3.1190740415088403,2.1962871444618637
2019-02-03,4.8557727763166625,3.1363915295550915,2.8065274267357254,2.307915052102012,0.6147931769076393,3.3595796816585026,1.9962097789846598,1.1302421608181943,4.210661471018771,2.0324565524379636,3.8708519380068753,2.972000169973423,2.9760023951750862,2.4113996568359894,3.072092586465282,2.2504102365099596
2019-02-10,4.820734465303678,3.0343286170166324,2.8840523826981355,2.0652130650643645,0.5259956078722561,3.0489038756347773,1.8357004771248604,1.296584587964428,4.2305545562508415,2.245258767857847,3.551917871433673,2.797909576510125,2.811761252366315,2.4088584913557987,2.970037714961459,2.206426251113446
2019-02-17,4.849795960539527,3.0984830922047712,2.84037174006581,2.0434110965420706,0.34774524812575014,2.9152911272316633,1.6447231848267907,1.2288762980807773,4.42270709879676,2.195856198778192,3.640038540984115,2.7612604475599283,2.9342321808971623,2.4220384367938688,2.7802385338501763,2.2056724194424975
2019-02-24,4.840194900858556,3.0303062619847605,2.7562246775084027,2.1331662884742593,0.3776024261259433,2.9277725393403515,1.5371882027392196,1.454963587978674,4.159746067004351,2.276186797091321,3.7293636156998593,2.9840261010912625,2.860017173992231,2.46849535531157,2.9125560940729187,2.2083227983684353
2019-03-03,4.454673688938549,3.083005193591191,2.6189523325882615,2.1726943634048923,0.0,2.863581004984992,1.868826398264322,1.0587533571494836,4.35057335988694,2.399747747907817,3.5825683669533244,3.03273941152987,2.938552222845115,2.4372249664942935,2.861428863172327,2.247480149802353
2019-03-10,4.435926974679781,2.925887000395555,2.555151280327798,2.2811062955520147,0.026402798597167654,2.8992309781752352,1.8101181740853518,1.1048555659200152,4.333560266244872,2.478830073461959,3.8666066402510424,3.0874917909141706,2.7813039831968336,2.181386599835342,2.570957107416151,2.1253898924680774
2019-03-17,4.447067191030325,2.904860270899684,2.357421929816055,2.222334181109203,0.0,2.7792066280080756,1.6681257704121228,1.1246016389997353,4.212106804608771,2.492696213028664,3.5901784314117986,2.8889162799966948,2.6502559520974187,2.229744114318867,2.7961909735302855,2.3041754234849057
2019-03-24,4.219049507044148,2.9901065102079225,2.366968672412226,2.173283824687023,0.0,2.649403816320245,1.502248165805648,1.1871916066918553,4.2532882296059205,2.552726174866352,3.578625944391902,2.9381758635608666,2.687053370411903,2.3136726034844703,2.7210073376511508,2.2228714644311376
2019-03-31,4.291759061901804,2.944336937367949,2.176647299646398,2.2947827610704166,0.0,2.6787225939622625,1.4666931628221649,0.9186416183845871,4.172522880587578,2.544673866473778,3.633599811035951,3.0868114949727388,2.9130018743004666,2.4311888748010806,2.723869013331323,2.012580082944662
2019-04-07,4.07540092666181,2.8797422651612616,2.2342300279812206,2.446430993184786,0.0,2.4979335375897014,1.5492930794969033,1.22945151479522,4.144614847436372,2.624328198106405,3.7039608127189987,3.2566014683645514,2.7184872240401354,2.296612767956484,2.655859468537909,2.152761072752555
2019-04-14,4.096150234929616,3.0009891036657024,2.1089787994827294,2.4113623791272647,0.0,2.4095942034281035,1.4862905126090458,1.1529355260332637,4.323647993868354,2.573015509382762,3.480508118212271,3.0767888104306076,2.5441150670967043,2.4058001868822743,2.621984005070683,1.8762607000093068
2019-04-21,3.9994139398315838,2.77554421545367,2.2553044176230426,2.2563689784701317,0.0,2.457903336833757,1.5359392028762628,0.8719595900572931,3.9587491251798457,2.7608408420326347,3.6015309116178873,3.1661857756665186,2.605707664127921,2.2250777062370766,2.6469119063872877,2.0559476114023583
2019-04-28,4.109720898896629,2.8396669991225783,2.3524982002728727,2.2782992797606565,0.0,2.2081576684353794,1.4198285083075113,0.9881383206401346,4.030866219589263,2.759923868717599,3.581723626597337,3.2020345071466836,2.601218583456214,2.2563320143078567,2.522349061478528,2.086053924062189
2019-05-05,3.975693419005199,2.9939705377820047,2.2659846292431975,2.377007713433725,0.0,2.262447046148974,1.4518579910969975,1.092546227036705,4.044104508008201,2.740008308855562,3.568334144520812,3.296705039278828,2.668352055180418,2.2258221288127347,2.5662133090868235,1.9223714700990537
2019-05-12,3.823134202902927,2.779892545252502,1.9408816358206358,2.3364544754593646,0.0,2.0764416950497244,1.5034467926663504,0.9000426876973049,4.004595221179672,2.785236545989025,3.3745218460969855,3.1338196037114,2.4993334524547026,2.1040777474225885,2.436438340252899,1.7160544693115398
2019-05-19,3.865353396795149,3.0928345533973083,1.9292594666167615,2.4055406042516796,0.0,2.131037929529875,1.5328288871458717,0.8157706060225047,3.944679006963039,2.648160149496628,3.563979930901444,3.199897925057806,2.4028997469131195,2.193195840879845,2.494029684074352,2.007441694823358
2019-05-26,3.9981768658266565,3.075575995903376,2.205845090126493,2.5167166745835154,0.0,2.003704623787626,1.229565662329962,0.5110127764896908,4.087806807638017,2.66784776352105,3.5686881718067833,3.3269553646969983,2.672411757038306,2.3228577868505558,2.572798182147168,1.8337637774575692
2019-06-02,3.7850918853838706,3.157781080401943,1.9460670377857363,2.4808422775918957,0.0,1.8297874303282844,1.4174872787006807,0.7834674798848138,4.165083225489255,2.614384432772949,3.5200603513275834,3.276320320711041,2.3394151322499335,2.1805618002227773,2.3169351153210584,1.7778734933658593
2019-06-09,3.8069502224592457,2.939545423618909,1.9590299925055916,2.476829299391501,0.0,2.17357269907108,1.4348496642651998,0.5414685560472783,4.049461657814679,2.497097397937274,3.233830509442466,2.928415155009834,2.53399152534607,2.090480207687597,2.515675632541179,1.817083545727553
2019-06-16,3.959983122657643,3.1405831407076574,1.8753242031133228,2.447291583419592,0.0,2.033983988967504,1.2649105331631725,0.7121192523729928,4.088372383181687,2.4427071569959753,3.3981009408226535,3.0651820855818355,2.23298558469898,2.277579596287203,2.2664847715015326,1.8191720947695442
2019-06-23,3.8654395635709675,3.3744189704085823,1.6926079436763233,2.4695599124181555,0.0,2.0127480062071417,1.3341574422432663,0.34993388239209466,3.888087206327773,2.2540940447226916,3.2684947013092587,3.27362795107468,2.2766769871985444,2.0980184371882338,2.3723462478515174,1.659962607446115
2019-06-30,3.769097319836259,3.5081585690675734,1.7196054884393013,2.837631417656808,0.0,1.9071952029251007,1.060699082777321,0.29039296597862496,4.120626413140317,2.190464549007539,3.3285868019135196,3.0922142812760782,2.471950908942068,2.3323753857097236,2.487468703447899,1.7339376671468494
2019-07-07,3.962975294240099,3.5251294542565343,1.7052759477924362,2.834317077670189,0.0,2.0323116730407764,1.1744294902847632,0.415196827978747,3.8918176009903034,2.03576988843059,3.4056364137893653,3.087299528022178,2.3798653133344505,2.2909431128971267,2.296025380337147,1.7602106060282523
2019-07-14,3.829810449638197,3.7169292680787573,1.6457564602147303,3.0159027877414637,0.0,1.8180574199548696,1.080613432735863,0.3760316063702682,4.103969888791756,1.7962943833139238,3.3243349588251982,3.092231047674856,2.43040778981887,2.0536951295214756,2.579707079257359,1.763161406680538
2019-07-21,3.7555333640926114,3.619675839776635,1.4151830874573845,3.071290261084818,0.2954533563529549,1.9873442885568753,1.1376740281930127,0.1661228002750489,3.9396064237725246,1.962104729654286,3.469945747076621,2.791713055769425,2.3582644843176173,2.4679192817578746,2.3135082240066667,1.7316987851535863
2019-07-28,3.8716505170134727,3.576664973824128,1.5554703607705973,3.203296208330242,0.20845392238102922,2.056589690514082,1.1630576267372528,0.18708242074299772,3.94555444649299,1.7385847606125355,3.5339025603591177,2.941041974094303,2.406747136904611,2.2555265405985265,2.2141947215572526,1.8673988276793239
2019-08-04,3.8777214382007554,3.6525146605856627,1.3033883294011412,3.445961231543053,0.4140549070995684,2.1612805126689962,1.1447296114537868,0.14468355442238925,3.952730165017418,1.393868381096554,3.3948979139821507,2.7616918354153155,2.3824167710242503,2.369971915929737,2.499236451023346,1.8156713339477295
2019-08-11,4.16385911828398,3.685905912836358,1.4418013018606999,3.6406085311512797,0.7781285887492637,2.1373057930757455,1.152428103592697,0.08149769177126702,4.175003311217536,1.374129160692454,3.5307219492904554,2.732115785550414,2.403671721662727,2.4141561379820464,2.497177617309464,1.7911828214571974
2019-08-18,4.122628588653307,3.7074619772588266,1.3266999145789231,3.9565390812798187,0.7794651315732604,2.4668449566728547,1.1305578936909952,0.19374462019984887,4.062829198938919,1.5097681065031194,3.5817311892672956,2.8139856250584594,2.5941434359591735,2.551478750639469,2.57791549590374,1.6582973684640523
2019-08-25,4.021598295301411,3.6438784648933003,1.5183663550010498,3.9071307425275807,0.7192068804523204,2.2377644157657,1.0703368064595824,0.10143305402640657,4.121455569644546,1.4657010354554887,3.7614028159457775,2.6975337963230284,2.516858422774829,2.5267837429082305,2.5747294256378352,1.8928523163974005
2019-09-01,4.078583894296146,3.6275118413354006,1.4843283025628828,4.008424064608703,0.6910113770716354,2.4626581482398273,1.3094273337804416,0.232658852135731,3.960618783070318,1.0794560280060048,3.667960862593018,2.5232520481175333,2.638886596181909,2.62374402924791,2.74605408163934,2.018934804912286
2019-09-08,4.290620842482318,3.48864546675755,1.3984293839342528,4.432280324471216,0.968148871965785,2.652727122964916,1.1561650158468741,0.3194113276358794,4.081781414333714,1.3471714372895138,3.7651890556467245,2.4469996370874534,2.4939783969306655,2.694312932473016,2.5615428023492472,1.8599317318536472
2019-09-15,4.278465498332384,3.395090679579946,1.4222540487308164,4.273307086449475,1.0091196352114236,2.791865616390763,1.2045725220767738,0.39973636391424133,4.000864094894373,1.4732362581046974,3.8710393932046987,2.3468988620394993,2.527778992786618,2.7120599761317328,2.5805354742484496,1.7492741685644584
2019-09-22,4.312802827596047,3.526662116202075,1.551348037259137,4.595028186890194,1.2205472678371645,2.5280248925241584,1.324258983348469,0.29104465522888334,3.9582225571790146,1.2270565731340128,4.003143928315518,2.4601705141811734,2.5596006421089905,2.7824219908374803,2.756214843155445,1.906016503883924
2019-09-29,4.43711560194079,3.0448924545905287,1.467756694951105,4.638951840142328,1.4226142176560659,2.480701414697654,1.4613563070849789,0.5034834965553975,3.723281911028877,1.3119428038739767,3.936112076323988,2.4127203370256707,2.630168890916957,2.814099861521755,2.812032049122971,1.8107359085326917
2019-10-06,4.452762862501384,3.211983777080542,1.9012738541739158,4.508842904987067,1.1519669900735539,2.6854172274890855,1.3375389594086602,0.4400218310130415,3.7288270316391974,1.4436008790856159,4.000594383834892,2.4993372363453106,2.7862660006136,2.9685544293759447,2.648163731129633,1.9359985227297045
2019-10-13,4.661625730958062,3.106780370099098,1.9829683618823652,4.541212422381408,1.2914494612989729,2.6852599578837064,1.4894408377438153,0.21367979045190838,3.6765654850626515,1.510391871074939,3.834031616213292,2.580580419148875,2.921250747486249,2.998195480607111,2.7766674250240486,2.0594584852686384
2019-10-20,4.754912181024579,3.0878844418253353,2.3228362381204954,4.3074898882893375,1.429424466444494,2.860074332752534,1.5384923799136148,0.5966429220599794,3.64747643032052,1.614244214842002,4.215197932065946,2.4464884769712625,2.7106165430495603,2.884485597251219,2.8297131172728647,2.223309186929453
2019-10-27,4.789118950211161,3.0900802646209264,2.2810346519842457,4.221193195694631,1.4366470568183518,2.7615554828262443,1.5382129515178666,0.3811873152561591,3.9743966091724556,1.8148751506683414,4.119144612160134,2.6526055173149667,2.7864639328491703,2.771364741305322,2.8522746491787276,1.9832827529347647
2019-11-03,4.794926849267704,2.8958737254214535,2.35436980746579,3.9167838315511507,1.3913488627179325,3.068583188059346,1.4936233864897517,0.5762038573279652,3.9805471493677556,1.8825822677003174,3.9050469761375095,2.739723135186007,2.869025711397683,2.5804578784225845,2.946995142701765,2.02555694082322
2019-11-10,4.737668521842187,3.049843767544227,2.2730107254120924,4.0120252654769635,1.1671996867779248,2.993995121109069,1.7468616505047003,0.6369080439558454,3.880253307205591,1.7983143465798155,3.919511718035423,2.663201081704239,2.8817295404890184,2.9578521958581723,2.873006578813427,2.103711837150232
2019-11-17,4.840807997539578,3.227120572929824,2.459309704699416,3.8281081233348573,1.3968425428721614,3.0519300644414447,1.5770727398715074,0.7241013104342029,4.052509075463713,1.9087358054398564,3.811905544643565,2.7394428053700053,3.0222132113345967,2.5652248665883337,2.8576004601589795,2.1656691834659414
2019-11-24,4.800550632002293,3.037075135455054,2.739066279360964,3.4294007528860986,1.4208741852365705,2.9425055034838277,1.6248995991389177,0.8149437500780636,3.927545010391268,2.058880996043665,3.928129522314144,2.8007190148358037,2.9674824762395335,2.816265096039878,3.1334598338972235,2.1256519712479163
2019-12-01,5.043601267869221,3.101020859282832,2.636561951426129,3.299461418405731,1.3343836052311584,3.176140109186704,1.6407385521052615,0.6870291266615096,3.702664192289297,2.1608835810743177,3.846234926448478,2.878991868058327,2.7068543917718433,2.8714568553349467,2.8105468226382744,2.1619742795888017
2019-12-08,4.972546570451678,3.0295120332948304,2.762849233150867,3.1734697082339594,1.087875560051154,3.067021566278413,1.65148482808648,1.0001755697697026,4.067392211942509,1.956567966319963,3.9776147858304594,2.8433949180462164,3.03162696044061,2.5630353983846708,3.256366589409596,2.3311800191219234
2019-12-15,5.1701149131239,3.058725329617889,2.894607792560195,2.723490862961546,1.1894689626636352,3.200707221704757,1.9131839074493924,0.8439675889648981,4.03716635602594,2.139593546702008,3.833977545994988,2.8741665174446016,2.914546502485429,2.7526636087093452,3.024386952140169,2.194931867290918
2019-12-22,5.070896666011211,3.0010986005492706,2.82594552408998,2.730394336766988,1.066605307480865,3.1590185918253826,1.8887697466814293,1.0425952067304396,4.027795756500203,2.151125555687092,3.7827854118893782,2.9658878483540723,2.9983821925147276,2.552761125945155,3.0063896610850716,2.038449463018756
2019-12-29,5.091358811162243,3.0987477598903705,2.894628935587495,2.6336903953250865,0.8575491995097062,3.1419383689992055,1.6998130468638677,0.9616471457809184,4.061211784111974,2.1147572738189564,3.948950500608732,2.7788423108442206,3.0265933196771284,2.3750785197556303,2.9401777395787194,2.3040622644224973
2020-01-05,5.090618448546546,3.1988123749369226,2.8716468039874843,2.6287137146509516,1.1555773415152677,3.449104569979867,1.8504165962219572,0.9581680160264048,3.7748778332885946,2.0679671791840515,3.949128903189318,2.8351837462213894,3.0386083286202457,2.623572844332693,2.9731296673867535,2.3444265786508156
2020-01-12,5.102948948897607,3.148997788395963,2.7728574725177166,2.4006146115326357,0.8719258882619733,3.2776725244353004,1.7814169169673864,1.008395732516363,4.096070262972453,2.177175971775175,3.91875924475108,2.7084440410765493,3.307692287266155,2.5379753183591864,3.1001367927472576,2.242165333349835
2020-01-19,5.11652402879883,2.9625599638989493,2.7510130545136353,2.2895060059021355,0.8122496609893783,3.0997920765889986,1.8019090867550238,1.0509160595556026,4.336150514600574,1.9559947081808045,3.699102995298753,2.9686028764826995,2.9471520459800034,2.3236463816317228,3.0276900887619362,2.1278178223420494
2020-01-26,5.125385567954624,3.1156143398913847,2.841872385220084,2.2136808438986844,0.6142206850481202,3.1776420719629304,1.9595039829657235,0.9352311001266648,4.197932589177266,2.210269380694248,3.8721498160827528,2.7160446333975394,3.0718514395665135,2.594440440319175,2.8797196835768233,2.100917860880319
2020-02-02,5.0386522547587775,3.1222663197363203,2.7416216759590757,2.1902539594078183,0.6355036116456929,3.1371282402587046,1.918528529973033,1.0974895876081463,4.1433654208576485,2.163495553845145,3.704796031200749,2.8670107136678977,3.0773651454747966,2.4966250802535725,2.8880892039724877,2.4659429052305106
2020-02-09,4.793816898471057,3.119044745403381,2.8546402772544526,2.204788909140465,0.5034419466727786,3.009676341248374,1.6431457927114024,1.1109029006552016,4.2954811960600034,2.174014131468845,3.6939440871488887,2.7809901351713373,3.000344366580223,2.511719370916533,2.9145357996740864,2.188512817847619
2020-02-16,4.78519235180603,3.051504630294564,2.880185745756789,2.166005780789346,0.458232950696699,3.2033834134828414,1.9513122985428188,1.0775103218256825,4.362392531937796,2.188902037372358,3.7210358358648494,2.9018993932935393,2.8954612850123764,2.444858576867551,2.958846157017108,2.1395863963111292
2020-02-23,4.490361133438634,3.1105497449655375,2.688539845962387,2.1840175677079405,0.26844087649382065,2.89838873279607,1.6065448425601236,1.202621475649724,4.241428228919685,2.1675560981719735,3.9743309569934486,2.9258195518773507,2.879849841864124,2.3093330782544577,3.055133590981597,2.324274905971609
2020-03-01,4.431862029147058,3.033240621512438,2.467380318326428,2.140156614691314,0.2917875379065549,2.9740355105474103,1.6815118056697236,1.259334339064979,4.3333692249524125,2.3131506822593213,3.789696970529106,2.9484033330026973,2.974417927483164,2.267094517912685,2.8240446111342044,2.4017846576758255
2020-03-08,4.5231154191908205,3.01039262088709,2.407523886533219,2.1290883112956203,0.20728858550413837,2.730729922248375,1.5428975417509228,1.1066327900299684,4.258527827119777,2.4414067764190652,3.8278382969293823,2.849614219666288,2.9414412309704643,2.3555466599739803,2.797673324515298,2.1098274462731847
2020-03-15,4.458946580239868,3.0876449746653614,2.475408054432854,2.0551375192201338,0.0,2.580729343116681,1.597066134693131,1.311315253843295,4.428120929112583,2.543794932007193,3.4946888528925992,2.9187130103629704,2.7546101040106206,2.371167756260138,2.7132279532517725,2.1608793210693586
2020-03-22,4.301997027018525,2.895042576056694,2.3866814528265996,2.376716984685773,0.0,2.9278095416563947,1.3951542162524553,1.1232255825961883,4.3015338073673615,2.6043167742927498,3.6939159697820947,2.9658371544406714,2.75165201080672,2.269581874625922,2.6262012866830644,1.9697368739041405
2020-03-29,4.203435193572733,2.931475850994109,2.2941191866530155,2.2258969950923175,0.0,2.5826657916581452,1.5356723678313906,1.182988888651448,4.153812799361892,2.540423537379147,3.6457004471953365,3.222567874004397,2.68247303141096,2.298383179181063,2.5353241358950767,2.1120835376332727
2020-04-05,3.9764675319020193,2.9244546152923045,2.1993555125208695,2.346635179164287,0.0,2.7175713782930613,1.4808245737716694,1.142745232777095,4.106504122644174,2.6091164777718627,3.5839601604345193,3.0328461430129567,2.5884183241967453,2.3851233978115762,2.4895330897226446,2.12101042184639
2020-04-12,3.952694144243092,2.8098862634549686,2.1482948525944168,2.3034445230991345,0.0,2.286046333547779,1.5492106742574052,1.1171637212065662,4.260111585354197,2.596776920717657,3.7184665806466883,3.216028587841093,2.60866733095044,2.12063391487459,2.606277347870992,2.0650962348972217
2020-04-19,4.247514489108741,2.875787137793954,2.1611396893390875,2.480079420823346,0.0,2.3286544605610797,1.4052814304966639,1.1423573316597464,3.994190758132458,2.6698103048146318,3.4640058303483094,3.1023338777230456,2.4756845296338668,2.3290295061175925,2.663647430811768,1.9191886982288708
2020-04-26,3.8839449162423874,2.9398052601006444,2.239429161948923,2.5926624654524106,0.0,2.250123664561094,1.3959130229274788,0.9086891188172355,4.095884744876442,2.777071834572564,3.752874992366521,3.2439135658701885,2.606846939048945,2.380207369853356,2.5662711856378264,2.1062719572083695
2020-05-03,4.123884296413319,2.80124324859197,1.9322891234925914,2.229385310888719,0.0,2.224069872462128,1.410433040110333,1.1345174875352306,3.911681569689911,2.601749480991931,3.5066576700744716,3.0860215758757303,2.570890839977446,2.1004575664366145,2.613291368640111,2.0255585528302933
2020-05-10,3.8315304785104374,2.9969895795934955,2.186102058043861,2.3850713360710514,0.0,2.2899734844302904,1.5749215653204554,0.9833201028555587,4.042868434758227,2.7162098583171077,3.5490696625265747,3.256049840434347,2.6495248083635348,2.250239507808262,2.3824292069875823,1.8944257494031485
2020-05-17,3.915857463448669,3.0862891454442476,2.0442994484551433,2.5006468247097864,0.0,2.1590136685465438,1.4238876718254725,1.0009997246029458,3.8925525555696114,2.747415379578856,3.5451975732321137,3.4060753660075345,2.4945176677839713,2.321757422366436,2.231987097360764,1.934363590892438
2020-05-24,3.93603693832532,2.946169443615829,1.9592879505550107,2.5298797875820975,0.0,1.859218112102768,1.3070037947177906,0.8029400169550224,3.907069765446917,2.751481129617719,3.511021294037863,3.190025224207993,2.549777197378852,2.031313768478194,2.44305353023466,1.9918693433142673
2020-05-31,3.8938069538920512,2.9910087041464553,2.0037418652843266,2.393962620491221,0.0,2.0770045526896563,1.37003139704862,0.5976345306218265,3.8487096656172475,2.6943416844419676,3.334152618140156,3.055038035977383,2.548295147038244,2.17618691742066,2.2897986057576274,1.8767223630552965
2020-06-07,3.882172662719838,3.269384101125033,1.898476646602558,2.29193623802455,0.0,1.9884391419419676,1.3536988986306107,0.6380766819391109,4.128102350757627,2.412637958657529,3.468349596462344,3.3321191252332034,2.4510512243029154,2.207642742330186,2.259470805498065,1.8210829189207514
2020-06-14,3.75095419699496,3.23879743197572,1.9572457082253332,2.5674454490884324,0.0,2.032880848241219,1.501249385666479,0.561672939106878,3.8733218186904126,2.309413279384845,3.299407038489628,3.316830873296255,2.365516836280939,2.152065263453956,2.340373486941151,1.69816688435392
2020-06-21,3.928435362713631,3.4213957699705553,1.7883990290512468,2.7423225813855217,0.0,2.062105537676048,1.3006531485814168,0.4662959446406003,3.9723235497071427,2.3526449609210305,3.2978761258308777,3.0918489399498696,2.4531779547909354,2.178913188895341,2.4909417473967532,1.7920196823742547
2020-06-28,3.8166296410681086,3.5850369799488258,1.8709654067953023,2.6485109201121335,0.0,1.9206881617336053,1.0711683234895277,0.35302180985221937,4.190139476563395,2.2483718739217715,3.3322994399506793,3.2848736080386227,2.281679564139714,2.2121233518568433,2.250692807999761,1.8795223879240548
2020-07-05,4.033241878949752,3.4325371438527994,1.7031576415850065,2.780550708829535,0.023985268062978654,1.9245167944860884,1.197627116508619,0.34495478005534486,4.030828305732213,2.121955060743689,3.2921810501670103,3.167653172871372,2.1712573617229753,2.171770898725732,2.371942284362554,1.8382542989581176
2020-07-12,3.77953438926903,3.614735069014194,1.7383804131348388,3.0787568721472574,0.10962496498506982,1.8182413725592788,1.108138230179895,0.20098910486887006,3.857767213124218,1.8350019766305175,3.3072770915250063,2.9119186352982673,2.26979729024916,2.279435250804425,2.382270945389834,1.7805667869909083
2020-07-19,3.829303354973997,3.838941209767273,1.5342619857708946,3.0776960056288645,0.12183028176830357,2.120684980038838,1.0761708008044342,0.1984782024896538,3.876272089925114,1.8494321887026548,3.2390914568391573,3.0394332342833357,2.5243821448074315,2.378147343884562,2.3846005427491623,1.8699742857496922
2020-07-26,3.7801017906607743,3.764542169555343,1.560598430886521,3.2989228805533677,0.19535984277912108,2.106832127504731,1.0649794173594351,0.3119775305227877,3.968705463556549,1.798944488233933,3.306406828182324,3.0090955738762384,2.4223564539427493,2.3512652459708567,2.2981600774172275,2.007744126593
2020-08-02,4.049558699323902,3.93675385190869,1.4058146305823171,3.4206810884304444,0.2995488252818189,1.973868053688606,1.0789249852491773,0.39657223766008837,4.111154443684299,1.4998383363291101,3.4554975912310204,2.8614802564595543,2.3536869976732,2.5060114319881874,2.3646781129795498,1.6258022740568292
2020-08-09,3.996580761592739,3.8670283460775945,1.3846312856924514,3.6961196705178034,0.5044009835572791,2.2364396510516866,1.0521770398941834,0.29864937646975787,4.057355940628012,1.3580905096457996,3.3918719288875905,2.866673642756656,2.523952182136479,2.436421168119483,2.3630443988383734,1.760848142737187
2020-08-16,4.079353951793911,3.91912121763378,1.2415904335225312,3.690523322873128,0.6420610912403327,2.0636685087044615,1.1392998206898701,0.28172731098552806,3.8620647864463953,1.3850252246471917,3.5535874906110685,2.649335328036918,2.5336016348058057,2.416995813234113,2.552220212136614,1.7890443093328663
2020-08-23,4.016614087802263,3.6732326813591487,1.3271424259356779,3.956057809094366,0.6895167250579705,2.1406944779947916,1.2040231642835884,0.25255476648967823,4.022145321544157,1.3147422088081138,3.6889360548934182,2.4232616834581333,2.4270294779002266,2.7309318754008287,2.600890227604159,1.9658755523286322
2020-08-30,4.062326758261354,3.7668548673453532,1.4196226304074622,3.948776417559267,0.9324156943361649,2.4406448410693953,1.2029765209633636,0.19815792384691938,4.027651192683493,1.3193743975907077,3.6967189011555135,2.5108975636884265,2.4223615291682625,2.578716704207641,2.4577346049411237,1.8815240233944117
2020-09-06,4.007404202958631,3.4543659435678946,1.4365164494846037,4.304406909375473,0.9309028491391979,2.5746850630055946,1.1410407930598199,0.4017795385741847,3.960262845855703,1.254689916763611,3.7675230696527513,2.6559367083864136,2.5690335658468233,2.6582471045927605,2.5761909339011138,1.857148209382582
2020-09-13,4.2911203618413465,3.3800324752215873,1.4928720572706808,4.309884157470166,1.282751122911895,2.6872374059803774,1.2054692901219857,0.45166773427948304,3.915693410143103,1.2978927104916265,3.86858710240973,2.343968596802593,2.446694747455488,2.695727707767969,2.6169328569221295,1.9584254053973758
2020-09-20,4.350733081197332,3.517038648492218,1.6486080563715801,4.416227600968391,1.1212637410178066,2.684282850438819,1.494032109950279,0.2559011692751996,3.965060575028345,1.308533504616996,3.949088184553689,2.3092242544609,2.664433781429398,2.749256904580789,2.8640489433877954,1.9334270545341725
2020-09-27,4.430739696438997,3.1083682779239106,1.8196840287418032,4.347506083026026,1.2756859071153448,2.7549753134495756,1.291643320304844,0.24321722565083742,3.9453380636827013,1.2200667066951019,4.014840161457394,2.5945260736566467,2.7938935409250845,2.881600907176025,2.609682603794691,2.1793364407698856
2020-10-04,4.531749805711593,3.1982102485378237,2.1018708196840366,4.52959791864172,1.4420491815275236,2.896761947456028,1.612120430887101,0.5135019332465381,3.8360777601230236,1.4228942509105253,3.867835560460653,2.383178391965463,2.806336660311102,2.8101327172667396,2.736254731924187,1.952770581230494
2020-10-11,4.415123382988483,3.1675413775323547,1.9900895215561996,4.29565259546354,1.2375402260729595,2.700557006491901,1.2881705563239998,0.5535412679464586,3.870161535064296,1.4821209824250954,3.9335597480076387,2.5188320521183982,2.8077666868072,2.824712614916822,2.9279781742499926,2.190296237115909
2020-10-18,4.76654258295195,2.9258138527759456,2.097023478096872,4.292715009807508,1.1428976360129455,2.8922404007642015,1.4702263202207662,0.6211986275562587,3.760046424732179,1.5757601974698046,3.890091137858367,2.5826499229843103,2.912758724090718,2.8712250880210854,2.78050656488545,2.0525707797494284
2020-10-25,4.743989391887337,3.0707514871075436,2.163014073520563,4.025405691550584,1.4337867247194442,2.7292676481117013,1.586899602408613,0.5482701111689009,3.8796174648216666,1.813586653290787,3.9784944582906836,2.5459086520822876,3.001123176663918,2.870275142267436,2.840425780191366,2.107581577126778
2020-11-01,4.834592166508355,3.0315492992817936,2.3327158505072108,4.116648459437161,1.413983231557006,2.9186588683286026,1.5249425117540485,0.506863818141668,3.8787976332665473,1.7109072100680585,3.6936003096848338,2.619077194902795,2.871861350622366,2.8564727476916887,2.8553502512859805,2.2208636646712927
2020-11-08,4.62263527410464,3.067917704347804,2.450562617071571,3.805173511704783,1.5099527840856541,3.126109568543545,1.4654927659254708,0.5905913351057089,3.909363007307245,1.8300239076011127,3.9307878378745813,2.672760504949941,2.8114278219045947,2.693098663421567,2.951233067908049,2.1992367260299996
2020-11-15,4.812478280025685,3.059765057209499,2.518112510915193,3.864649790867802,1.361395338043214,2.775659849024113,1.5622104048481078,0.7658972195999206,3.992826603835029,2.0061237072107168,3.8805351536796993,2.7062980784083503,2.8637474215653187,2.8712896274927973,3.001972210943566,2.120508616549853
2020-11-22,4.915142674706121,3.001573567018906,2.4786214557338506,3.521438084569915,1.3662192334878147,2.9888127809117147,1.5249832835459602,0.7523044852484804,3.9497923042323624,2.1475830097363855,3.996609474484332,2.8534661497895226,2.9086272595914844,2.8160924667171154,2.903121814456852,2.2685131229482844
2020-11-29,5.02410841513818,3.2007933116895355,2.881085237330809,3.246423253885142,1.3257977448571245,3.230007904962317,1.7132507683993528,0.8368571869576136,4.030492992020347,2.242528372906302,3.75192859149929,2.736784462791323,2.911945080972369,2.527078926494969,2.9957792724595986,2.364741013822073
2020-12-06,4.975977111415337,2.952783086404731,2.717587836079715,3.0286679603557833,1.1665316402916077,2.933926648607296,1.7091805913269076,0.550079787196329,4.091836098632018,2.101784813532177,3.9568835866543255,3.0411369671412993,2.933654150795136,2.524325529853489,3.0594262726094685,2.3379213693109753
2020-12-13,4.961641403751672,2.978226755415157,2.8375124371348712,2.771306011832676,1.230535403380538,3.052045326019454,1.7543661560232355,0.7520903172758342,4.005406076047367,2.185663049661451,3.7620176849308073,2.8003017096660474,2.9563794504497354,2.594882809234918,2.9087122292399186,2.3383355147483433
2020-12-20,5.10975916960253,3.0667579789461468,2.735194928824295,2.666102502070402,1.1180618050583653,3.045048016372593,1.7945067974484783,0.8607706793187698,3.8888712216967405,2.07935919593089,3.8819984054359202,2.9898885603757126,3.039708713393878,2.5194637217342164,3.008636789713523,2.491508402935725
2020-12-27,5.233026449616833,2.96491703545498,2.7632839743953275,2.708211217695809,0.9405002391503965,3.1714439917111146,1.7183991376046142,1.0160031412977513,4.027963920625173,2.1765201077208727,3.725665545652336,2.7373968910821804,3.115247653243373,2.510275644825531,2.917276856734895,2.4047633127081838
2021-01-03,5.185062722518325,3.1222670050452663,3.0231549125073007,2.7129118869488233,1.2052030451219502,3.2961479235967492,1.76511579836398,1.0048258249599213,4.208165030065748,2.147193169718413,3.778273757749844,2.9707782637352107,3.0898290665529586,2.5412105099176476,2.9506112175138597,2.2871216625068977
2021-01-10,5.269579618000147,2.8931893370476924,2.934149390743742,2.309517637782891,1.0120647244530099,3.1568917287846148,1.8895730908118487,1.021237072475807,4.125559909537544,2.1071349403934962,3.6787289437617994,2.870009120521044,3.174145014165324,2.3631107081507166,3.077737285513012,2.422370301918128
2021-01-17,5.140169996739112,3.3300940940358,2.9481722411902243,2.031165489167145,0.6585242228215029,3.2239981612692876,1.839804562161543,1.0205347694405904,4.155701272181385,2.0794309504704622,3.746319212655022,2.7982233446465745,3.2440820257242704,2.5400414157802014,3.049916904707168,2.1858525941474567
2021-01-24,5.123281889830814,3.362861269885612,2.780184088120345,2.2098234180814544,0.6794982595802647,3.1408608898803867,1.7267329542343681,1.267807417357214,4.163779642899066,2.108606381898901,3.6915962631528694,2.791395103514422,2.928823814402807,2.503162105392408,2.851499103955195,2.3134475432789956
2021-01-31,5.200564013023267,3.234440771526239,2.9794513027704608,2.0872952992324465,0.5313676742088056,3.161806667698294,1.836415440128033,1.1198161520904413,4.170266614987349,2.0355423620950286,3.8577972079465006,2.8014825718449936,2.8335991391063717,2.4230739019993273,2.9084639937337466,2.223965383553133
2021-02-07,4.8958551723800285,3.2484602792973423,2.703559046901988,2.072174615345634,0.46576927083247716,3.1343086560018687,1.9117358219961045,1.052138526151414,4.123064911126498,2.1698545187143146,3.6734454064168864,2.9979415574062367,3.0121647016141297,2.3827185778278723,2.9962082970741917,2.2239986155619516
2021-02-14,4.85322189482718,2.9520801413680586,2.7227863956034657,2.196794078580089,0.4173118293339992,3.151474759426208,1.8027062892065517,1.2139508374725283,4.107577048081507,2.377532441544307,3.795583092649851,2.9001681190848787,2.928407021345928,2.409081338544162,2.943879555864872,2.195272060470052
2021-02-21,4.6169670062085695,3.1348797294880844,2.663284251776557,2.0550402260979115,0.42928274016415097,3.1256408910762805,1.8387499242201903,1.255627086585431,4.383232556183565,2.2558365078558613,3.7007045217730994,2.8301755902627654,2.90015212586495,2.3529878735958487,2.979311998879878,2.1962630468146522
2021-02-28,4.552810367974749,3.039076114326663,2.7330701093271474,2.0924809107350715,0.2551196131917625,3.0063514238954467,1.6890768913973806,1.1079282245220081,4.109411014434288,2.435961980714626,3.653026262338423,2.662515015802488,3.0149801244970003,2.4462074134028615,2.743856191824939,2.0668234623634327
2021-03-07,4.320046414437477,3.0267143439143753,2.390508732765814,2.306359671598654,0.170781203857936,2.9206744302007435,1.8420601575169864,1.2371151595758236,4.239203897199306,2.494696051509695,3.7209476756030297,3.0086712883449582,2.842904723980727,2.1613770482205137,2.7708505328995807,2.0999844925950715
2021-03-14,4.226389250389253,3.081479179759587,2.488102245668218,2.368444710696366,0.059118289597190676,2.8161358710271247,1.6934161118651845,1.1853925237624667,4.135085463171767,2.388789163435563,3.698671748447092,3.11010798211605,2.7500144150498853,2.3137250606425224,2.7561564627357185,2.039251101427289
2021-03-21,4.143863170603663,3.0060754224316195,2.172799900253951,2.3317161070903585,0.0,2.6164289180240017,1.7695027190049673,1.2810644495484604,4.233357248070247,2.464626238573404,3.597076189673447,2.9436308433002414,2.5821094344040136,2.2452656670906297,2.727507470586629,2.080261727671468
2021-03-28,4.205626924052367,2.9740061685288097,2.122800677211123,2.3372048937357532,0.0,2.634038782191348,1.4745830787549563,1.1621670652743932,4.269626134816429,2.561257893970838,3.6639177820432884,2.9767447890423537,2.6514834733988937,2.384998345178276,2.628659204427169,2.0526164462966183
2021-04-04,4.2722076121195425,3.1159994323115034,2.1211630076332337,2.4314410904696713,0.0,2.693813341173309,1.4423487159527888,1.056481775592464,4.263278761940069,2.7926904631694254,3.427753533298914,3.122846050759259,2.725727159781716,2.406666861732532,2.567653550172098,2.15506268553644
2021-04-11,4.211636058318599,2.8822217785652144,2.3292197893702102,2.4735593894666486,0.0,2.525571725996188,1.4494403614288696,1.1517379854950378,4.093509041525842,2.6196036645928613,3.7136790511518845,3.044747375470345,2.7047669914322245,2.271809961262744,2.5722673041312354,2.1603867059361814
2021-04-18,3.901235279892566,2.932318686795836,2.195491677697319,2.3284592622582507,0.0,2.296665336987039,1.4701070717088212,1.1977376591750781,4.054954564746064,2.7863450124511147,3.553558850774144,3.030198819698821,2.6504305989477652,2.23734808681327,2.6542230479685816,1.9702964128934628
2021-04-25,4.049615810906738,2.9054650137135973,2.20916594545008,2.3139993163466457,0.0,2.272599224020862,1.455449875499267,1.0399484147302511,4.180080770170762,2.65748091377098,3.606914276422825,3.1083171181030855,2.5512379510106604,2.2344631731069633,2.476092065670194,1.9931279956380825
2021-05-02,4.017210642354872,3.018090447005987,1.9900478556731893,2.38594552909195,0.0,2.1660389914571794,1.473775666457004,0.7992784280237333,4.0764831864077395,2.6782950748658942,3.6083243123572912,3.3052293374858075,2.5712468929531647,2.1793389907290774,2.7323671524709274,1.971713464422599
2021-05-09,3.8375908333339392,2.9492112787786287,2.2233772821050373,2.5472842600709336,0.0,2.2292344877110426,1.324434418277968,0.858141683460041,4.031409737430442,2.8374637148935293,3.563952750959472,3.205886575883362,2.4341714138083246,2.2400051638319245,2.4993068633029276,1.9953853786901898
2021-05-16,3.9855767189331086,2.984357430256942,2.1364581200050874,2.6636067311305642,0.0,2.209042754350955,1.3964073557428003,0.8217992486621414,3.951613748540791,2.627773307123984,3.5029770171535124,3.3179861037268545,2.481855292809214,2.2292105678023115,2.362653826414364,2.017177512899639
2021-05-23,3.963406680970355,3.1052891511691025,2.1220247459806316,2.3994758327558428,0.0,2.1540003790482305,1.5136818368174811,0.6020722182024244,3.984888846423613,2.711951952933599,3.4013695233523644,3.2710257873150077,2.636203275210043,2.1755582230435695,2.3274349374217693,1.7992664513407546
2021-05-30,3.882698102305482,3.020958678619925,2.15885923804601,2.411908336891937,0.0,1.9708820833391378,1.441627088361265,0.630455207009786,4.2494590278523585,2.440598203901641,3.3440891751884583,3.1042658423616074,2.5200211461128457,2.399212370913007,2.2732997894950016,1.7615383559455053
2021-06-06,3.7250463992930882,3.1997942733444265,2.03738146069625,2.4056570954078547,0.0,1.9408696787818827,1.3278429691785736,0.7340023776528186,4.285324889800505,2.732220527974431,3.4009743848173537,3.1588461349986448,2.3365372124422454,2.1495426865825746,2.324225280613079,1.7434048674680978
2021-06-13,3.7254041235643327,3.4036993828355415,1.9762731573230985,2.5170978466358407,0.0,2.0693943428834958,1.3291006374613843,0.5605119295328174,4.159879699568858,2.469861739330324,3.271182556257556,3.0877114536106802,2.3963691956830666,2.240007998871814,2.4174940684343165,1.8205935977971723
2021-06-20,3.9076465480472318,3.2074492512061754,1.8124022319864315,2.6808109370705377,0.0,1.9153399502367863,1.1101736171149992,0.5088830055480902,4.041594006488877,2.321725484359748,3.4202187827838504,3.109065320452403,2.480355303394599,2.0504139880714436,2.4085346334445012,1.92514320857858
2021-06-27,3.7556267882844843,3.4921532721244684,1.7351771879041324,2.7346926903471336,0.0,2.0575045366046614,1.165361653719206,0.2992310511848876,4.157136738572282,2.1426200755013087,3.31740773164648,3.2167386096268586,2.478554015098439,2.117520705206197,2.4786804312402824,1.7530202328034494
2021-07-04,3.744147834013211,3.555189542635239,1.6413845910878875,2.8282268483283555,0.0,1.96569046587454,1.096575718276554,0.4068011409284186,3.8948430915875005,2.0781566375861202,3.1642298401028923,3.1060576445868615,2.3934903924629265,2.4125638503182114,2.3662754760117997,1.741070858907706
2021-07-11,4.084164138676533,3.6673821163634455,1.6459869973503594,2.8600107248990057,0.0,2.1041981582807483,1.0411181710100008,0.19852945288233032,4.019441792202629,1.9363700556046097,3.3010740785996937,2.951329547341511,2.2879857369823324,2.373134343539165,2.1710874034579555,1.637298713676405
2021-07-18,3.972233725960775,3.614829637433018,1.7474394523331562,3.0203352312901353,0.14192854849186826,1.928180857665586,1.0094475379738166,0.16991055079631526,3.898449010658267,1.8598529583867212,3.3956393502646374,2.79143162556094,2.370695187372681,2.3852664341643997,2.407734157324679,1.6690361178909996
2021-07-25,3.9349604655707053,3.5872749071075787,1.565770808404055,3.4216885853817205,0.2107105143308572,2.1268519108528263,1.0979942920213075,0.24572879774206097,3.9831550473657575,1.5457492266439636,3.405724894496906,2.9316482704069973,2.4729536123119735,2.3661579951284355,2.406807909156459,1.8235182324446528
2021-08-01,3.83810026766595,3.776176449421993,1.4480840714101508,3.4395776338701394,0.47715383045961096,2.197652538949241,1.0762469875136784,0.27187527328066674,3.87525239165006,1.495259670552231,3.6162407852889302,2.826964035381568,2.39021252623925,2.352951880714974,2.4095596573154054,1.8158078395629302
2021-08-08,3.85116023324338,3.6860245889823453,1.3421907485655713,3.6988330337209807,0.4802412300596537,2.455004434932399,0.9923147767159246,0.10126944197895288,3.8783568726012416,1.559952800731608,3.60095715646449,2.6162630356341423,2.352905751031056,2.5494114355312276,2.427229494408413,1.7075707017566015
2021-08-15,4.015744457671635,3.8381156643767125,1.4443788454741557,3.925101470666646,0.6603066093625709,2.350806585230908,1.0957280428241007,0.14427442218926145,4.168855360556898,1.6409265037546377,3.585472745551735,2.624569465981453,2.4711957235159847,2.393149310919284,2.4666451374915406,1.7096005657858213
2021-08-22,4.0718562205101705,3.6138133465922073,1.3994695575112783,4.199211451427153,0.7451484022115435,2.456240189767981,1.2709571570771352,0.20901687223907495,4.113779802228229,1.1956103568682357,3.6958160193011675,2.604054799635855,2.400914748555679,2.7139641959185714,2.3848367532985506,1.8114229783393687
2021-08-29,4.098773847510007,3.5295459842279535,1.4970622561114808,4.114634528602768,0.9122798850022309,2.445192976203967,1.1869306101481267,0.18117388135788987,4.254374333025714,1.4232746935358576,3.6794375200795812,2.4524005886355216,2.3816141883604396,2.615041389144539,2.4771499592978445,1.7721768202639077
2021-09-05,4.092395110462097,3.565827977369668,1.4973583563014687,4.3471653973173385,1.1243892363467605,2.6317347741059236,1.1530800445477274,0.1663998441984331,3.988597651372395,1.3538157034772536,3.785172589590478,2.5539188630841876,2.5836666255139358,2.6205150426976838,2.4845068342562215,2.0382588925779985
2021-09-12,4.351032525871054,3.47793534664782,1.619353179015898,4.375674983444045,1.1221656052013713,2.497015608911498,1.1288632670536873,0.3389159208314466,4.018305821703804,1.1721235017473906,3.8856033723829855,2.3993801994398236,2.3433228151751457,2.819721227009178,2.7266456277369335,2.000454820439158
2021-09-19,4.2551489224438415,3.2874089702572378,1.8002944706140693,4.415834709063253,1.0285885350332193,2.7289154373354596,1.4340677616096245,0.24817092765884396,3.918963318568224,1.2535956793025365,3.8213982466075556,2.4091672101621096,2.641839002227373,2.705596193070156,2.8868668556252706,2.1743669458435853
2021-09-26,4.403731943536595,3.235744416686387,1.6922116985839162,4.411488854810967,1.181637300718506,2.8506281174147627,1.4014421064608371,0.30243496812571086,3.7747675923527733,1.1377338341946603,4.068040664343125,2.478359324905277,2.511860314144522,2.850626428454493,2.8411270915112903,1.9958776705129413
2021-10-03,4.602705949955485,3.2835732273206544,1.89833287992032,4.390826693232165,1.250545304830018,2.8440871315108454,1.4439544480563697,0.3773758155312237,3.9669910453116906,1.3307223041635141,4.018148841157829,2.5104591480454896,2.6608422430441223,2.7922574547139676,2.738941164421974,1.979049394109973
2021-10-10,4.385119030671674,3.1161492207197385,1.9875293987726876,4.420741725439562,1.3286341273333226,2.744785701752538,1.5757531121628314,0.45496581034117506,3.9747661436121478,1.5843618158780186,3.8916436176035565,2.4031125213383597,2.7129255594852655,2.591995659614468,2.745480268042217,1.9523992328159354
2021-10-17,4.6468406869597905,3.2660316471158963,2.099375796632779,4.293486016024068,1.277108202768394,2.9728761464592894,1.4206005568412423,0.5470076987296101,3.7113710497107775,1.5205004034190175,3.938435182377488,2.340885597677909,2.6974962326226826,2.880228027915444,2.878614942848598,1.9644034262925345
2021-10-24,4.815446498217765,3.072367171741809,2.1475585396866803,4.412673245836407,1.6000686664074677,2.8612337591753145,1.4118428069595614,0.5746745133136769,3.8303296999172614,1.6052142101827482,3.6869144709117134,2.6651152635812245,3.0308751916329153,2.84752221532069,2.987232052105005,2.1815432056106268
2021-10-31,4.914662223202868,2.7879218186428223,2.2158105021236496,4.058135113069067,1.4142995146103043,2.784063954948109,1.572300227685123,0.5893524985989371,3.8581668016078665,1.7614567901476623,4.058985819415076,2.5939528251364017,2.919174749954848,2.922358609203089,2.9733066450645573,2.144240649026109
2021-11-07,4.8263534104494585,2.776599110812411,2.430552314926098,3.8827472258110487,1.3143663219176847,2.9626565712216757,1.4564595901490522,0.6371903379788193,3.8959022717887315,1.859062298531528,4.036563255028968,2.630195964155527,2.8737550295221377,2.676367141285933,3.003857826464062,2.2072757325944825
2021-11-14,4.898312860950053,3.1145372756794556,2.598273249159978,3.848429716374346,1.5230448393553837,3.0245317074475957,1.5312462128011877,0.8124376063087569,3.779579782695793,2.028506228810282,3.8067507217359102,2.516919204218056,2.8872243483218303,2.723504725918982,2.8497975897813785,2.1271887154270988
2021-11-21,4.9140595586760805,3.1301349434320453,2.799521118671157,3.6183147603764287,1.331661568113237,2.9381340764588657,1.4791089014679186,0.8662324590069055,3.8203788238698313,1.9315503958748552,3.7099055806191696,2.6002392698221444,2.899261923239083,2.650261460349967,2.883986832860132,2.1380441940029007
2021-11-28,5.064078361254224,3.107626212828064,2.8127547662046317,3.163866812147184,1.2537190584611766,3.141331142378451,1.8355246730968353,0.8004941333768462,3.9195566844745082,2.0940702247182617,3.956600971061071,2.6880327125006414,2.8558491064561298,2.81825063539665,3.0328490305476175,2.423330150367324
2021-12-05,5.032632232289378,2.75893541127248,2.628662292328971,3.1526639606773,1.2828263581386847,3.0625965138018207,1.8690449803548623,1.029967009516671,3.894295676353987,2.1637728485843026,3.7430753235182834,2.8381514073635308,2.8796122983445236,2.7372094348858274,3.057582611136281,2.3324576445380325
2021-12-12,5.2943655308044475,3.1072357933075425,2.6918936585683886,2.8525526686342055,1.1566964856905007,2.8955814825383803,1.6061263519842315,0.9599814774184894,3.8137852560460797,2.077158845774604,3.659231230768091,2.7293780173525284,3.1060363690667585,2.574312895545543,3.0625329524936427,2.181864510224616
2021-12-19,5.087723372632357,3.102255064088446,2.8460177180381114,2.7676719986392397,1.0319553965174648,3.1949913994142833,1.6755907236005259,1.019665714470591,4.137968256452431,2.2367700837630906,3.771113896412723,2.820570907607786,2.966444014412034,2.4097760568021833,2.9473924715577415,2.155622855518615
2021-12-26,5.13252211656563,2.9994508370980704,2.9460063705354567,2.5839534914457767,1.0730736912691363,3.4135665950803458,1.824889668591536,0.9418869653486106,4.047292305725709,2.191472634076765,3.805738041746841,3.017098700454516,3.069144488482585,2.5913389741167654,3.0119218202288636,2.400651328390882
2022-01-02,4.907584134329287,3.207454737121286,2.8806083250777736,2.447469546095259,1.0647063242929575,3.191762694008215,1.780999849868485,0.9273392744486465,4.200894950145895,2.227768203109208,3.6319364550676534,2.6755021627782085,3.300963638467853,2.78027193987226,3.2165279347952986,2.7072735202828184
2022-01-09,5.049441073934401,3.163178082403991,2.9014513532671837,2.3556629501003927,0.8986396172942823,3.234548607058927,1.9402339069793655,1.1382668513190624,4.227248536115806,2.1563052425462295,3.811407669859793,3.022302874624005,3.0615952680426464,2.5896742762384206,3.1176522451058597,2.404676277703958
2022-01-16,4.85228780797065,3.2010653376132505,2.861072557409566,2.2909665706488442,0.8700271637232729,3.1670664189476043,1.895131921642871,1.2631130366722445,4.166867194911578,2.067109886174926,3.9127490697553857,2.725686886927015,3.2735393226070144,2.731069266147394,3.1841727803780446,2.630596094410726
2022-01-23,4.813355379040932,3.096015349179948,3.044282560899618,1.9838115055291932,0.5968928720653692,3.0610819537524625,1.8799924083732138,1.0733706139885624,4.192848705900828,2.3018921775904797,3.6986923221705865,2.8425384304715005,3.1714271460852492,2.608139278191551,3.1174885926720632,2.5615437506353906
2022-01-30,4.925096353976436,3.163629954744539,3.0230416839509884,2.2032418003761314,0.5303354884670568,3.082588002739264,1.6824312686641003,0.9930183954842097,4.249753557024397,2.16345011820914,3.7340415555399757,2.828065195107071,3.2618228189614276,2.7106079615536287,3.2118568687050812,2.4902148331912577
2022-02-06,4.828090016534277,3.2026772393618073,2.9739189740993353,2.0511138855543796,0.38182308931966547,3.0513119325101434,1.7478746997019057,1.1055100401068956,4.3803389682982115,2.2269934341741973,3.745576294129842,2.899339097478966,3.17173033058975,2.564633895526496,3.2533108072409402,2.3341256437123987
2022-02-13,4.636938415899119,2.9994613433863284,2.8118074686458723,2.175422184258735,0.4970069079266945,2.9614304199011046,1.8490016613248805,1.1026268056603974,4.1398177791789985,2.3181738872210196,3.66140957698892,2.847333304313713,3.1110371865643676,2.6305575066123006,3.0323496401424967,2.553320943681576
2022-02-20,4.838849875714757,3.0928839052280273,2.5889381880757876,1.8254798545719861,0.40582043521540045,2.989601516256788,1.8112751927852437,1.2145740979694888,4.203027072920074,2.1546838914222914,3.633687909994924,2.9532180555018845,3.2448457359443714,2.6390939268198625,2.950440883128876,2.450629388020081
2022-02-27,4.6076275274011875,3.034726473963983,2.5675070709589307,2.060153425061891,0.2389698329233698,2.949802767299502,1.8392709964220366,1.260317736757162,4.319083144976562,2.2051300673456407,3.706279429358169,2.6983013558011706,3.1418826076079602,2.7415055196091074,3.0666441613232216,2.389633961825164
2022-03-06,4.4543965952979905,3.001846479558253,2.544955973681199,2.200720919320466,0.014236953833989222,2.745693825127103,1.8849837921403632,1.358918987174909,4.39521528727892,2.471200605764918,3.554029655865795,2.958875631576831,2.8519479342986482,2.5236256360316918,3.215026427139842,2.3384934425369774
2022-03-13,4.310761876797154,3.2190491268245585,2.5056685055682717,2.21888129690574,0.04942758329477533,2.70229534114237,1.6934298427411039,1.2043630699325123,4.270122952474608,2.4210442902860247,3.640148814820034,2.9988576688396433,3.072626496048173,2.5614119858811533,2.8425742698100818,2.429833657266126
2022-03-20,4.286406531871356,2.8673405513669397,2.4087754996514974,2.270995679416251,0.0,2.818750431160667,1.7221716593516683,1.3025542530634382,4.185515334140746,2.5505962184455617,3.6182032717632127,2.943628931142286,2.975926915079155,2.544586003412878,2.9698854986986576,2.3879658014474248
2022-03-27,4.315651817735595,2.9036193651548374,2.4927571816814846,2.451665361523621,0.0,2.5780966135928463,1.505276758939082,1.0630419159265139,4.33985585761974,2.5487598941532625,3.717487733430901,3.0804703463773,2.9260102617644583,2.544933716585591,2.819615932335621,2.2483471873660528
2022-04-03,4.22132423472962,2.9439104930428317,2.1494126292088,2.301581701148445,0.0,2.5825537964060965,1.7463848017375811,1.2575167194927999,3.982232333310861,2.649777965179606,3.5175784565959645,3.0797136114275454,2.9139884114493655,2.4518475743706847,2.964381645335628,2.3270719607746555
2022-04-10,4.151160053787925,2.777429699486107,2.1023370339226295,2.4902388560796513,0.0,2.3646966275993937,1.4314487802206857,1.1174786241792727,4.061194137615145,2.4842384143024705,3.648003337931143,3.0790323575867755,2.8136924314329907,2.337871607269516,2.733228494709938,2.4050423491732253
2022-04-17,3.927642559255755,2.882644090645502,2.0309648460893834,2.409883843253043,0.0,2.464172968396425,1.4665158878448599,1.0461795920760455,4.132761451573526,2.7519738292208706,3.624142511077238,3.085035831197938,2.770197273990563,2.6876259186918117,2.6405719414339996,2.3350940386203947
2022-04-24,3.9115252298410508,3.109494590425717,2.1700725882757848,2.344082440130892,0.0,2.4716693729965638,1.4305931293666727,1.1635095983577628,3.9778096187048773,2.7948079447716534,3.7806429647284863,3.3222560581556744,2.8328156465396233,2.5101566541775377,2.8411696939155138,2.0487724681383446
2022-05-01,3.944996448517577,2.8348916423209323,2.2196597560117524,2.3258895077511603,0.0,2.3019244619009336,1.571519620369139,0.9000864277737016,4.092430514090007,2.740637849104047,3.3542995480458924,3.3224135507842165,2.8097020762662392,2.450370835499656,2.737292803930822,2.082442328469444
2022-05-08,4.144089679467038,2.8958700785269627,2.021762878227799,2.415899352787916,0.0,2.1419083130657497,1.50832678435721,0.8488060812414119,4.009145454145196,2.8740488024619197,3.7098736064883053,3.1788914536506807,2.677421666718733,2.51106662311201,2.6230843725965203,2.1222679121927213
2022-05-15,3.957035843440823,3.0002375621265536,2.1234190507983195,2.257688677723205,0.0,2.013998504508265,1.5290583841485523,0.8463248354831733,4.03195118408047,2.687145451573338,3.5532615694906244,3.202970075507852,2.7608056804871284,2.6695128751205237,2.496447353200285,2.127365539504208
2022-05-22,3.7439935287601203,3.1062709901051524,1.9496472000697684,2.370769647628787,0.0,1.817623190334626,1.459999131743757,0.7880604527583758,3.949920105809176,2.5155935080392173,3.3120680314920223,3.1277342471306198,2.9054292019208545,2.3825720682609934,2.830776149583718,2.0640865408718083
2022-05-29,3.8923795388118707,3.0474486705734107,2.0241775449972224,2.334656470252463,0.0,2.056548338995043,1.4255552804194407,0.7573853486512722,3.8808640844208178,2.587030543867312,3.5014807893053246,3.070248751822783,2.748459592836123,2.365900836878889,2.6063146356840745,2.26760333040189
2022-06-05,3.9248444900438546,3.307592586005219,1.875155318609872,2.2694762984597996,0.0,1.9415629036661766,1.3421168906444303,0.7988002021030534,3.8850249700146646,2.5732114721043207,3.3464245977960663,3.1375737681588833,2.681075809643795,2.3206699591054294,2.5908577466953164,2.0403684491972407
2022-06-12,3.8554925472860666,3.393808386733175,1.858066837805753,2.4690210402638813,0.0,2.065330588237551,1.173441943684788,0.24521771871279457,4.1929947330606945,2.4892179721337993,3.4114687867967017,3.2977780522112123,2.680678239679844,2.5366238769453884,2.53653078523105,2.1241109028274496
2022-06-19,3.8037098643100657,3.462847366745946,1.6736052108963821,2.677045429262935,0.0,1.9374131893460826,1.3341076923715751,0.40276862091838667,4.18077321038301,2.271459997230532,3.329814944287496,3.154636735876369,2.6340056452309084,2.249033179954348,2.3877143043706868,2.2299014970441062
2022-06-26,4.030552637379176,3.4953531818043126,1.7370898279438944,2.5715993418672083,0.0,1.9964119650697463,1.279385520156231,0.4532161187925419,4.0874705475106,2.1364970870267745,3.0667284351683324,3.006593403084099,2.560787285253923,2.37246794720466,2.617201474509442,1.9650472399827819
2022-07-03,3.6900451118142725,3.609883891592656,1.6799735887120577,2.732937407180711,0.0,1.9838928391530628,1.0396783776528984,0.23891309052913395,4.0468254187249055,2.1158058581602077,3.1708138053391135,3.002339127052802,2.3830785362181266,2.2940750089733997,2.5786675193679818,2.152516487339716
2022-07-10,3.74636290589649,3.557341502173607,1.6211975569301351,2.8665009420641367,0.10084446065248626,1.8992254077585535,1.1235839109301493,0.3720011045422829,3.952422607469865,1.9759023819110055,3.445357054839691,3.035165316300252,2.6221877512066443,2.566115404267865,2.5088616911654795,1.878379449919335
2022-07-17,3.953917171020313,3.6842585394679217,1.5430576887466723,3.01788652373301,0.21782850585060942,2.053128302802167,1.2209134141472013,0.2907933361548409,4.161743187567274,1.8345937595998036,3.2420628986427644,3.043095258503729,2.4829130038481426,2.618396772709086,2.635301102489906,1.8080555591971674
2022-07-24,3.762373627807411,3.685052627441652,1.638948835296808,3.3043307287645343,0.34535867461028485,2.0761801430602884,1.1005702018814192,0.21035648939470336,4.105893826751062,1.8022909784302399,3.44167756382381,2.9235942142798432,2.6871827234423544,2.5691465177102777,2.893592204703662,2.0422208396468693
2022-07-31,3.866352427375238,3.682649498212638,1.4343053159840762,3.516322682530372,0.26315241606517725,2.1725414424821756,1.103573424779661,0.2006407646172228,4.034013499497928,1.6415022957457608,3.4188703698615455,2.7680193557797703,2.544453291089856,2.517909126391002,2.7568872032480307,1.9765402164200492
2022-08-07,3.908698018989633,3.839331676319173,1.4306360244178955,3.772124599051093,0.5454481652302463,2.134619742020615,1.14306124097495,0.19970727618499673,3.9916468294655036,1.586547806885296,3.4670703290880165,2.8087214174284703,2.725827800466555,2.5169996049957764,2.4883096462101415,2.0095298177848915
2022-08-14,4.084792195402642,3.75856684041391,1.3812322673072057,3.7690317955647883,0.7552676694068574,2.1334935330764555,1.2890762228086685,0.25372951237667646,3.8193335764133165,1.3355656626509682,3.629951245590054,2.6021264362223953,2.727842237615863,2.630047812497471,2.6906344862913625,2.0658470869201424
2022-08-21,4.088758421692534,3.856749498722571,1.3244556525116191,3.8953901406448614,0.5916211128588266,2.2436035470336977,1.4017150197129986,0.22756489663731388,4.006823532332687,1.356516122033045,3.606899932870202,2.534397561458435,2.812630434962648,2.6863578076866435,2.6280588648767234,2.127921310862817
2022-08-28,4.119194654711486,3.78268552678469,1.4754568420729397,3.9849486672942223,0.9701658146087722,2.4709508503141255,1.127705863679013,0.32864647787622747,3.972947127646331,1.258724294510147,3.9257775911479262,2.3950483746403766,2.845352546834124,2.95082759952212,2.7150194214701773,2.1241567062699724
2022-09-04,4.065296586512102,3.6085945253517258,1.3104884463323325,4.157162979328548,0.9799527839536623,2.471713649241983,1.122696765912356,0.2557645148489994,4.011468280120609,1.073915249171118,3.8853522316343123,2.164380146801069,2.7751099424991397,2.7823815041844853,2.7282974123301056,2.008907907347468
2022-09-11,4.337438270808938,3.566066771846636,1.5935378724061566,4.289231493386372,1.3130159442856253,2.5691685905252997,1.2946585121499377,0.4078477068826331,4.07977414610646,1.267679690815695,3.88483619578364,2.2983151777729605,2.9036398219104083,2.982052233359915,2.90693427445549,2.2001428632098374
2022-09-18,4.533644825839141,3.346176244513488,1.6261068679712776,4.364047145158445,1.2268977536399297,2.7826238777398564,1.4078430224193506,0.17768122229010308,3.883949526432729,1.3960681576929004,3.9809866538766894,2.5953684141327122,2.7694115542940096,3.0379313112262256,2.847935825366455,1.9180059645012557
2022-09-25,4.2780881448409716,3.320575084538259,1.6899254205363927,4.556253734975178,1.2892305647433762,2.70089354694243,1.2747714409917117,0.2897255872236403,4.070282859169996,1.2353473340700656,3.9495657934402293,2.452233131903294,3.046716570464213,3.1213890335952206,2.8912648203107847,2.308271446600788
2022-10-02,4.4953624643857655,3.0697274084111323,1.7929054426295963,4.536563550637976,1.2638369943670986,2.8561317458105155,1.434878255911268,0.3556138373290644,3.945322974580824,1.4489322012055978,3.785548496056743,2.452205834075995,2.8792541573829094,3.2052614444773826,2.920558148407191,2.2868725553605764
2022-10-09,4.572310794256533,3.0963349725914795,2.0475046417849523,4.473551837357511,1.0908417198883802,2.814804524294902,1.4266729572784118,0.5199695327363393,3.822398142392689,1.3902327288567644,3.9796662539762453,2.432773673808847,2.935295921287993,3.229599218934947,2.818537408912811,2.0096900013538366
2022-10-16,4.822208177803268,2.9292671259681886,2.122824003396091,4.389330608457152,1.30912137365707,2.8293768498484937,1.7745506377876628,0.5032566122479672,3.9854972344581965,1.5719098110993468,3.8402668200851986,2.420553563639819,2.8554672073897898,3.143573527165604,3.0939198007305526,2.304007816481742
2022-10-23,4.943727859475096,3.1007535005629334,2.241842782877788,4.366295183708769,1.1962208998019828,2.9660740534864733,1.3599018673955043,0.7367670049938866,3.8535365720610137,1.7422955755281817,3.9533565667184756,2.550784565726637,3.1414369401687687,3.1915759317357417,3.1009907616603947,2.2010335512370354
2022-10-30,4.620584367639808,2.9839619555067336,2.4816066058274227,3.9495713221159767,1.3049138967714395,3.0109479044212284,1.6279856594795459,0.47237833677922725,3.857602500168452,1.7427380847138105,3.8534278944647715,2.80549867337455,2.9716240578573556,2.9346294933449926,3.076748306108428,2.3479102188732424
2022-11-06,4.959544381967531,3.2461515710895146,2.3556548645341717,3.883476247886616,1.297060278154269,2.923892686291479,1.609717874999256,0.6636927438712212,3.7304250627561344,2.0218484435271695,4.02581666519072,2.7122865889681553,3.0140619864389198,2.995618784899622,3.0678151213256393,2.4018826959705186
2022-11-13,4.901765181076916,3.107369518794851,2.447891003546571,3.7505827552601065,1.3938030475991385,2.8770025023260875,1.5294117279812225,0.6805998987169061,3.9480909797072457,1.9917448874199442,3.824341311636166,2.728018055878067,2.9715061415358153,2.870936425779379,3.0176683553816117,2.2911375634174656
2022-11-20,4.980618393591365,2.9570004387441142,2.5086222172623223,3.429969392790481,1.4499588937855017,2.9404522622726477,1.4602396065302963,0.840068043829807,3.764518093861844,2.049171837875911,3.773523482972056,2.977513086395653,3.162920502682521,2.9065045569089194,3.276587221781703,2.3418530607393566
2022-11-27,5.201330561070437,3.137301208136109,2.941551199205694,3.2741518352465113,1.252996877730479,3.0072986215827213,1.7106550132474114,0.7419255909193327,3.831695875089022,2.16223183616961,3.78557746574765,2.8426370369035814,3.158210131513232,2.7763165027787178,3.0564820856649133,2.4002820105548666
2022-12-04,5.178637633548724,3.0534681591892694,2.6895331124136006,2.9585170907341003,1.2229145251438862,3.0089124339162283,1.7910395313660128,1.002146548867949,3.7998943797734928,1.9838329735913443,3.804853318680401,2.8169771382256648,3.1711595989030865,2.783766571878465,3.1307113119661927,2.3030005797902624
2022-12-11,4.933157358656832,3.186357000963592,2.7716883810443336,2.871527316202952,1.309363721231799,2.966309357018683,1.7493803339492746,0.9733166393051835,4.020692287668256,2.006707674171343,4.085579821267947,2.658308914823719,3.088367072700494,2.5335879952639457,3.3169966159017585,2.542457526315327
2022-12-18,5.032799045337924,3.1754985304718897,2.7953693789627394,2.758678387096214,1.2881142130523409,3.0552413782649293,1.8591627661051056,0.8657087686897392,4.131333501721802,2.1109716971024297,3.8348387922179485,2.9278204616514665,3.383033651571067,2.6831533644057988,3.114262339129778,2.3367218460797914
2022-12-25,4.9542022444672975,3.0460351060428006,2.9829980557214792,2.729907844349175,0.9073436386625415,3.115942061326816,1.985489217824284,0.9628005702902446,4.098325688720557,2.169483296357289,3.79035064231774,2.7916215665371484,3.406856042708236,2.7317091419221597,3.423469190733864,2.561735018368158
